Draft_Rank,Name,Position,projected_points,VORP,ADP,Value,Est_Round
1,Tarik Skubal,SP,562.6999999999999,255.8,6.8,5,1
2,Juan Soto,OF,501.1000000000001,249.3,6.2,3,1
3,Aaron Judge,OF,490.4,238.6,2.4,-1,1
4,Paul Skenes,SP,523.9000000000001,217.0,13.7,5,1
5,Garrett Crochet,SP,516.2,209.3,16.8,7,1
6,Ronald Acuna Jr.,OF,448.0,196.2,17.8,8,1
7,Kyle Tucker,OF,438.6,186.8,9.4,0,1
8,Corbin Carroll,OF,412.4,160.6,13.2,0,1
9,Yordan Alvarez,OF,408.09999999999997,156.3,30.2,15,1
10,Fernando Tatis Jr.,OF,406.0,154.2,15.4,0,1
11,Cristopher Sanchez,SP,459.09999999999985,152.2,76.4,42,1
12,Shohei Ohtani,DH,512.6,151.9,1.5,-11,1
13,Vladimir Guerrero Jr.,1B,475.5999999999999,146.8,16.1,-2,2
14,Junior Caminero,3B,389.0,146.0,111.1,66,2
15,Logan Webb,SP,448.4000000000001,141.5,56.2,22,2
16,Bobby Witt Jr.,SS,468.3999999999999,140.2,3.8,-13,2
17,Bryan Woo,SP,445.59999999999997,138.7,95.8,50,2
18,Alex Bregman,3B,379.90000000000003,136.9,83.8,40,2
19,Kyle Schwarber,OF,381.5,129.7,28.2,4,2
20,Mason Miller,RP,368.99999999999994,128.9,39.5,10,2
21,Edwin Diaz,RP,368.1,128.0,71.3,27,2
22,Chris Sale,SP,426.6,119.7,45.8,12,2
23,Hunter Greene,SP,424.9999999999999,118.1,79.6,31,2
24,Hunter Brown,SP,424.80000000000007,117.9,83.3,33,2
25,Dylan Cease,SP,420.8999999999999,114.0,57.2,15,3
26,Jackson Chourio,OF,364.8,113.0,32.0,0,3
27,Steven Kwan,OF,364.0,112.2,131.0,71,3
28,Ketel Marte,2B,403.5999999999999,112.0,25.0,-11,3
29,Manny Machado,3B,354.9,111.9,22.1,-13,3
30,Cody Bellinger,OF,363.2,111.4,86.2,30,3
31,Brent Rooker,OF,360.6999999999999,108.9,58.8,11,3
32,Logan Gilbert,SP,414.9,108.0,37.6,-3,3
33,Max Fried,SP,414.90000000000003,108.0,54.0,4,3
34,Jesus Luzardo,SP,413.50000000000006,106.6,158.0,89,3
35,Jacob deGrom,SP,413.0000000000001,106.1,102.0,36,3
36,Julio Rodriguez,OF,356.5,104.7,133.8,68,3
37,Cole Ragans,SP,410.90000000000003,104.0,42.4,-6,4
38,Framber Valdez,SP,408.8000000000001,101.9,67.8,8,4
39,George Springer,OF,352.9000000000001,101.1,140.2,70,4
40,Cade Smith,RP,338.1,98.0,167.2,93,4
41,Cal Raleigh,C,365.79999999999995,95.4,26.5,-21,4
42,George Kirby,SP,397.1000000000001,90.2,123.2,48,4
43,Joe Ryan,SP,395.4000000000001,88.5,74.5,6,4
44,Jackson Merrill,OF,339.6,87.8,45.9,-9,4
45,Josh Hader,RP,327.09999999999997,87.0,75.7,7,4
46,Jhoan Duran,RP,326.0,85.9,92.0,19,4
47,Mookie Betts,SS,412.59999999999997,84.4,27.9,-25,4
48,Wyatt Langford,OF,336.0000000000001,84.2,91.7,16,4
49,Devin Williams,RP,323.5,83.4,82.0,6,5
50,Gunnar Henderson,SS,411.49999999999994,83.3,25.8,-32,5
51,Sonny Gray,SP,390.09999999999997,83.2,128.9,45,5
52,Jurickson Profar,OF,335.0,83.2,207.9,143,5
53,David Bednar,RP,319.59999999999997,79.5,174.9,88,5
54,Aroldis Chapman,RP,318.3,78.2,117.7,31,5
55,Maikel Garcia,2B,367.70000000000005,76.1,136.2,51,5
56,Nick Pivetta,SP,382.89999999999986,76.0,128.3,38,5
57,Andres Munoz,RP,315.7,75.6,100.2,13,5
58,Kevin Gausman,SP,381.09999999999997,74.2,132.4,42,5
59,Austin Riley,3B,314.9,71.9,62.7,-14,5
60,William Contreras,C,339.4,69.0,42.8,-28,5
61,Ian Happ,OF,320.6,68.8,123.0,27,6
62,Freddy Peralta,SP,375.4000000000001,68.5,93.0,4,6
63,Freddie Freeman,1B,396.59999999999997,67.8,30.6,-38,6
64,Brandon Nimmo,OF,318.3,66.5,179.8,82,6
65,Nathan Eovaldi,SP,372.79999999999995,65.9,170.6,70,6
66,Yoshinobu Yamamoto,SP,372.5,65.6,44.6,-33,6
67,Taylor Ward,OF,316.5,64.7,137.4,40,6
68,Luis Castillo,SP,369.79999999999995,62.9,124.6,23,6
69,Seiya Suzuki,OF,314.3,62.5,128.8,26,6
70,Matt Chapman,3B,305.19999999999993,62.2,164.4,59,6
71,Jarren Duran,OF,312.40000000000003,60.6,58.4,-30,6
72,Riley Greene,OF,310.7,58.9,114.6,9,6
73,Pete Crow-Armstrong,OF,308.99999999999994,57.2,102.6,-1,7
74,Tanner Bibee,SP,363.7999999999999,56.9,165.7,57,7
75,Pete Alonso,1B,385.09999999999997,56.3,26.3,-56,7
76,Zack Wheeler,SP,361.10000000000014,54.2,74.6,-26,7
77,Daniel Palencia,RP,293.40000000000003,53.3,195.6,96,7
78,Reid Detmers,RP,293.4,53.3,340.0,342,7
79,Bryce Harper,1B,381.80000000000007,53.0,35.4,-51,7
80,Nico Hoerner,2B,343.2,51.6,129.0,17,7
81,Spencer Strider,SP,358.2000000000001,51.3,115.6,2,7
82,Gleyber Torres,2B,342.0,50.4,181.6,68,7
83,James Wood,OF,302.1,50.3,91.3,-20,7
84,Vinnie Pasquantino,1B,378.90000000000003,50.1,118.8,2,7
85,MacKenzie Gore,SP,356.9,50.0,167.2,49,8
86,Eugenio Suarez,3B,292.29999999999995,49.3,106.0,-10,8
87,Aaron Nola,SP,354.59999999999985,47.7,145.8,25,8
88,Yandy Diaz,1B,373.90000000000003,45.1,166.3,44,8
89,Robbie Ray,SP,351.7,44.8,216.3,121,8
90,Francisco Lindor,SS,372.9,44.7,16.8,-77,8
91,Michael Harris II,OF,296.40000000000003,44.6,82.5,-35,8
92,Randy Arozarena,OF,296.4,44.6,125.2,1,8
93,Jose Altuve,2B,335.6,44.0,70.6,-46,8
94,Roman Anthony,OF,294.79999999999995,43.0,150.2,23,8
95,Matt Olson,1B,371.70000000000005,42.9,27.8,-74,8
96,Jung Hoo Lee,OF,294.49999999999994,42.7,287.0,225,8
97,Michael King,SP,349.29999999999995,42.4,116.6,-13,9
98,Raisel Iglesias,RP,279.7,39.6,103.2,-25,9
99,Adley Rutschman,C,309.6,39.2,86.2,-38,9
100,Marcus Semien,2B,330.2000000000001,38.6,142.9,10,9
101,Jeff Hoffman,RP,278.40000000000003,38.3,165.1,29,9
102,Brandon Woodruff,SP,345.20000000000005,38.3,172.2,37,9
103,Nolan Arenado,3B,281.0,38.0,227.4,124,9
104,Elly De La Cruz,SS,365.79999999999995,37.6,19.8,-89,9
105,Jack Flaherty,SP,344.0,37.1,200.5,78,9
106,Geraldo Perdomo,SS,364.8,36.6,145.2,5,9
107,Bryan Reynolds,OF,288.0,36.2,171.2,30,9
108,Isaac Paredes,3B,279.0,36.0,133.6,-5,9
109,Ryan Pepiot,SP,342.90000000000003,36.0,204.7,84,10
110,Josh Naylor,1B,364.5,35.7,56.3,-72,10
111,Byron Buxton,OF,287.40000000000003,35.6,156.6,9,10
112,Ryan Helsley,RP,274.9,34.8,104.8,-38,10
113,Ryan Walker,RP,274.4,34.3,149.2,2,10
114,Zac Gallen,SP,340.90000000000003,34.0,194.5,56,10
115,Andy Pages,OF,285.4,33.6,194.4,54,10
116,Emilio Pagan,RP,273.59999999999997,33.5,204.0,72,10
117,Trea Turner,SS,360.7,32.5,32.0,-90,10
118,Salvador Perez,C,302.59999999999997,32.2,125.8,-25,10
119,Teoscar Hernandez,OF,283.8,32.0,74.9,-68,10
120,Gavin Williams,SP,338.6999999999998,31.8,197.6,56,10
121,Yusei Kikuchi,SP,337.99999999999994,31.1,247.5,135,11
122,Luis Arraez,1B,359.70000000000005,30.9,181.6,29,11
123,Carlos Estevez,RP,270.6,30.5,191.8,43,11
124,Ranger Suarez,SP,336.99999999999994,30.1,211.2,80,11
125,Abner Uribe,RP,268.7,28.6,229.6,108,11
126,Blake Snell,SP,335.3,28.4,132.0,-27,11
127,Pete Fairbanks,RP,267.4,27.3,210.9,75,11
128,TJ Friedl,OF,278.1,26.3,297.2,213,11
129,Shea Langeliers,C,296.50000000000006,26.1,96.4,-61,11
130,Drew Rasmussen,SP,332.6,25.7,226.3,96,11
131,Rafael Devers,1B,354.19999999999993,25.4,61.0,-87,11
132,Sandy Alcantara,SP,332.20000000000005,25.3,199.7,47,11
133,Jose Ramirez,3B,267.79999999999995,24.8,5.2,-129,12
134,Ozzie Albies,2B,316.2,24.6,85.7,-75,12
135,Jose Soriano,SP,331.29999999999995,24.4,347.0,295,12
136,Matthew Boyd,SP,331.20000000000005,24.3,221.8,83,12
137,Brice Turang,2B,315.59999999999997,24.0,133.2,-36,12
138,Carlos Correa,3B,266.2999999999999,23.3,235.0,101,12
139,Christian Yelich,OF,274.7,22.9,137.4,-31,12
140,Jakob Marsee,OF,274.5,22.7,194.0,28,12
141,Ben Rice,C,291.4,21.0,149.4,-25,12
142,Jazz Chisholm Jr.,2B,312.1,20.5,56.6,-103,12
143,Bo Bichette,SS,345.40000000000003,17.2,147.8,-29,12
144,Trey Yesavage,SP,323.3999999999999,16.5,191.0,20,12
145,Merrill Kelly,SP,322.8,15.9,239.8,99,13
146,Grant Taylor,RP,255.89999999999998,15.8,317.5,233,13
147,Griffin Jax,RP,255.79999999999995,15.7,218.0,66,13
148,Heliot Ramos,OF,267.5,15.7,242.8,102,13
149,Emmet Sheehan,SP,322.1,15.2,200.4,32,13
150,Nick Lodolo,SP,321.99999999999994,15.1,192.3,17,13
151,Eury Perez,SP,321.40000000000003,14.5,175.8,-9,13
152,Dennis Santana,RP,253.9,13.8,225.8,72,13
153,Tyler Glasnow,SP,319.7,12.8,157.8,-31,13
154,Jo Adell,OF,264.4,12.6,191.3,11,13
155,Dylan Crews,OF,264.20000000000005,12.4,215.0,52,13
156,Daylen Lile,OF,264.0,12.2,239.9,89,13
157,Carlos Rodon,SP,318.40000000000003,11.5,183.2,-3,14
158,Corey Seager,SS,338.29999999999995,10.1,59.0,-115,14
159,Kyle Bradish,SP,316.6000000000001,9.7,171.0,-23,14
160,Lawrence Butler,OF,261.30000000000007,9.5,105.0,-85,14
161,Royce Lewis,3B,252.49999999999997,9.5,195.1,11,14
162,Mitch Keller,SP,316.19999999999993,9.3,261.5,116,14
163,David Peterson,SP,316.2,9.3,294.8,176,14
164,Will Smith,C,279.49999999999994,9.1,90.2,-102,14
165,Drake Baldwin,C,279.20000000000005,8.8,182.5,-12,14
166,Ivan Herrera,C,278.8,8.4,211.0,37,14
167,Chris Bassitt,SP,314.9,8.0,227.6,61,14
168,Xavier Edwards,2B,299.5,7.9,204.2,21,14
169,Alec Burleson,1B,336.19999999999993,7.4,208.3,27,15
170,Sal Frelick,OF,259.1,7.3,237.2,73,15
171,Brady Singer,SP,314.00000000000006,7.1,270.4,120,15
172,Joe Musgrove,SP,313.3999999999999,6.5,248.5,85,15
173,Bryson Stott,2B,297.3,5.7,214.6,33,15
174,Chase Burns,SP,312.49999999999994,5.6,208.4,23,15
175,Alejandro Kirk,C,275.4,5.0,222.2,45,15
176,Hunter Goodman,C,275.2,4.8,109.4,-98,15
177,Jeremy Pena,SS,332.2999999999999,4.1,119.9,-90,15
178,Lars Nootbaar,OF,255.4,3.6,999.0,273,15
179,Daulton Varsho,OF,254.90000000000006,3.1,197.1,-4,15
180,Andrew Abbott,SP,309.5000000000001,2.6,216.2,29,15
181,Robert Garcia,RP,242.4,2.3,266.0,104,16
182,Marcell Ozuna,OF,253.99999999999997,2.2,242.4,66,16
183,Adolis Garcia,OF,253.70000000000002,1.9,195.6,-9,16
184,Zach Neto,SS,328.99999999999994,0.8,110.4,-105,16
185,Trent Grisham,OF,252.20000000000002,0.4,241.0,61,16
186,Yainer Diaz,C,270.40000000000003,0.0,96.4,-120,16
187,CJ Abrams,SS,328.20000000000005,0.0,114.9,-107,16
188,Nick Kurtz,1B,328.8,0.0,123.1,-100,16
189,Shota Imanaga,SP,306.9,0.0,147.0,-76,16
190,Kyle Stowers,OF,251.79999999999998,0.0,176.0,-46,16
191,Trevor Megill,RP,240.10000000000005,0.0,188.9,-28,16
192,Brendan Donovan,2B,291.6,0.0,198.6,-12,16
193,Noelvi Marte,3B,243.00000000000003,0.0,200.2,-9,17
194,Cody Ponce,SP,306.79999999999995,-0.1,372.0,256,17
195,Kenley Jansen,RP,239.2,-0.9,208.0,0,17
196,Jacob Wilson,SS,326.70000000000005,-1.5,201.2,-11,17
197,Wilyer Abreu,OF,249.9,-1.9,234.5,41,17
198,Oneil Cruz,OF,248.70000000000002,-3.1,107.6,-121,17
199,Shane McClanahan,SP,303.5999999999999,-3.3,246.9,55,17
200,Edwin Uceta,RP,236.60000000000002,-3.5,270.0,90,17
201,Foster Griffin,RP,235.9,-4.2,999.0,251,17
202,Addison Barger,3B,237.39999999999998,-5.6,228.7,28,17
203,Steven Matz,RP,233.69999999999996,-6.4,999.0,250,17
204,Nolan McLean,SP,299.5,-7.4,180.7,-56,17
205,Luke Keaschall,2B,284.09999999999997,-7.5,180.5,-58,18
206,Seranthony Dominguez,RP,231.49999999999997,-8.6,243.0,44,18
207,Bailey Ober,SP,297.6,-9.3,215.8,1,18
208,Kerry Carpenter,OF,242.29999999999998,-9.5,182.4,-56,18
209,Caleb Durbin,2B,281.59999999999997,-10.0,273.8,90,18
210,Brandon Pfaadt,SP,296.70000000000005,-10.2,293.4,125,18
211,Jacob Misiorowski,SP,295.9,-11.0,187.9,-51,18
212,Shane Smith,SP,295.49999999999994,-11.4,277.0,91,18
213,Chase DeLauter,OF,238.7,-13.1,281.5,97,18
214,Shane Baz,SP,293.70000000000005,-13.2,210.7,-13,18
215,Nolan Schanuel,1B,315.40000000000003,-13.4,341.8,206,18
216,Jeff McNeil,2B,277.4,-14.2,999.0,238,18
217,Quinn Priester,SP,292.2,-14.7,260.2,58,19
218,Andrew Benintendi,OF,236.9,-14.9,287.0,104,19
219,Willy Adames,SS,313.0999999999999,-15.1,133.3,-117,19
220,Edward Cabrera,SP,291.50000000000006,-15.4,228.3,9,19
221,Otto Lopez,2B,275.20000000000005,-16.4,254.1,43,19
222,Mickey Moniak,OF,235.09999999999994,-16.7,249.8,37,19
223,Agustin Ramirez,C,253.29999999999998,-17.1,173.8,-84,19
224,Masyn Winn,SS,310.8999999999999,-17.3,287.0,99,19
225,Luis Severino,SP,288.2999999999999,-18.6,345.2,202,19
226,Brenton Doyle,OF,232.29999999999995,-19.5,160.1,-102,19
227,Kris Bubic,SP,287.2000000000001,-19.7,179.4,-82,19
228,Ceddanne Rafaela,2B,271.40000000000003,-20.2,199.0,-50,19
229,Riley O'Brien,RP,219.90000000000003,-20.2,271.5,65,20
230,Tatsuya Imai,SP,286.3999999999999,-20.5,156.0,-112,20
231,Chandler Simpson,OF,230.5,-21.3,208.8,-32,20
232,Bryan Abreu,RP,218.19999999999996,-21.9,258.9,40,20
233,Jeremiah Estrada,RP,217.90000000000003,-22.2,264.8,50,20
234,Luis Robert Jr.,OF,229.1,-22.7,185.8,-77,20
235,Jeffrey Springs,SP,283.49999999999994,-23.4,999.0,220,20
236,Jorge Polanco,2B,267.19999999999993,-24.4,223.0,-15,20
237,Reynaldo Lopez,SP,282.5,-24.4,326.5,158,20
238,Ryne Nelson,SP,281.9,-25.0,266.6,48,20
239,Clayton Beeter,RP,214.89999999999995,-25.2,313.0,130,20
240,Garrett Cleavinger,RP,214.19999999999996,-25.9,343.6,183,20
241,Colson Montgomery,3B,217.0,-26.0,217.8,-30,21
242,Michael Wacha,SP,280.50000000000006,-26.4,317.4,136,21
243,Joey Cantillo,SP,278.0999999999999,-28.8,280.4,66,21
244,Mike Trout,OF,221.30000000000004,-30.5,186.1,-86,21
245,Jack Leiter,SP,275.3999999999999,-31.5,244.8,7,21
246,Alec Bohm,1B,296.8,-32.0,204.2,-56,21
247,Victor Vodnik,RP,208.10000000000005,-32.0,314.5,127,21
248,Robert Suarez,RP,207.80000000000007,-32.3,212.4,-43,21
249,Mark Vientos,3B,210.6,-32.4,221.6,-31,21
250,Casey Mize,SP,274.19999999999993,-32.7,258.2,18,21
251,Ezequiel Tovar,SS,295.2,-33.0,200.4,-69,21
252,Gerrit Cole,SP,273.4,-33.5,219.0,-37,21
253,Bubba Chandler,SP,273.1,-33.8,217.9,-41,22
254,Andres Gimenez,2B,257.6,-34.0,312.5,114,22
255,Ramon Laureano,OF,217.00000000000003,-34.8,231.0,-21,22
256,Ryan Jeffers,C,235.2,-35.2,267.7,32,22
257,Kazuma Okamoto,1B,293.40000000000003,-35.4,184.0,-101,22
258,Seth Lugo,SP,271.29999999999995,-35.6,283.0,54,22
259,JoJo Romero,RP,204.1,-36.0,343.7,165,22
260,Gabriel Moreno,C,233.5,-36.9,218.8,-46,22
261,Bryce Miller,SP,269.8999999999999,-37.0,187.8,-102,22
262,Sean Manaea,SP,269.70000000000005,-37.2,285.8,57,22
263,Trevor Rogers,SP,268.99999999999994,-37.9,183.6,-108,22
264,Jordan Westburg,2B,253.60000000000005,-38.0,134.0,-159,22
265,Michael Busch,1B,290.3,-38.5,174.3,-125,23
266,Xander Bogaerts,SS,289.6,-38.6,209.0,-66,23
267,Zack Littell,SP,267.40000000000003,-39.5,999.0,189,23
268,Grayson Rodriguez,SP,267.29999999999995,-39.6,258.4,1,23
269,Robert Stephenson,RP,200.49999999999997,-39.6,346.5,161,23
270,Taylor Rogers,RP,200.40000000000003,-39.7,999.0,187,23
271,Spencer Torkelson,1B,288.79999999999995,-40.0,204.5,-80,23
272,Chase Meidroth,2B,251.40000000000003,-40.2,351.5,168,23
273,Jordan Beck,OF,211.3,-40.5,265.0,10,23
274,Josh Jung,3B,202.50000000000006,-40.5,314.4,98,23
275,Kyle Leahy,RP,199.60000000000005,-40.5,999.0,184,23
276,Clay Holmes,SP,266.30000000000007,-40.6,348.4,157,23
277,Tyler Soderstrom,1B,288.0,-40.8,156.2,-158,24
278,Brandon Lowe,2B,250.80000000000004,-40.8,195.4,-105,24
279,Jameson Taillon,SP,265.29999999999995,-41.6,305.5,76,24
280,Garrett Whitlock,RP,198.39999999999998,-41.7,306.2,76,24
281,Kevin Ginkel,RP,197.90000000000003,-42.2,292.0,50,24
282,Slade Cecconi,SP,264.69999999999993,-42.2,999.0,178,24
283,Cedric Mullins II,OF,208.50000000000003,-43.3,999.0,177,24
284,Brayan Bello,SP,262.4,-44.5,293.2,50,24
285,Ernie Clement,1B,284.29999999999995,-44.5,319.8,98,24
286,Jonathan India,2B,246.80000000000007,-44.8,999.0,175,24
287,Dustin May,SP,261.29999999999995,-45.6,298.2,57,24
288,Evan Carter,OF,205.0,-46.8,268.6,1,24
289,Jorge Soler,OF,204.60000000000002,-47.2,999.0,173,25
290,Will Vest,RP,192.60000000000002,-47.5,323.8,99,25
291,Matt Wallner,OF,202.19999999999996,-49.6,303.0,59,25
292,Mike Burrows,SP,257.09999999999997,-49.8,310.4,70,25
293,Ke'Bryan Hayes,3B,193.2,-49.8,999.0,171,25
294,Matthew Liberatore,SP,256.4,-50.5,351.4,145,25
295,Jose A. Ferrer,RP,189.40000000000003,-50.7,999.0,169,25
296,Josh Lowe,OF,200.89999999999998,-50.9,271.7,-2,25
297,Noah Cameron,SP,255.9,-51.0,243.3,-46,25
298,Lourdes Gurriel Jr.,OF,200.3,-51.5,999.0,167,25
299,Adrian Morejon,RP,187.99999999999997,-52.1,329.8,102,25
300,Luke Weaver,RP,187.89999999999998,-52.2,293.9,37,25
301,Braxton Garrett,SP,254.50000000000006,-52.4,999.0,165,26
302,Matt Brash,RP,187.2,-52.9,315.2,72,26
303,Tanner Scott,RP,186.9,-53.2,291.8,27,26
304,Joc Pederson,OF,198.49999999999997,-53.3,999.0,163,26
305,Harrison Bader,OF,198.2,-53.6,288.5,21,26
306,Miguel Vargas,1B,275.2,-53.6,313.6,66,26
307,Colton Cowser,OF,198.10000000000002,-53.7,255.4,-41,26
308,Chad Patrick,SP,252.8,-54.1,319.0,73,26
309,Braxton Ashcraft,SP,252.20000000000005,-54.7,286.4,11,26
310,Trevor Larnach,OF,196.89999999999998,-54.9,999.0,158,26
311,Zach Eflin,SP,251.89999999999998,-55.0,355.1,136,26
312,Brooks Lee,2B,236.60000000000002,-55.0,999.0,158,26
313,Wenceel Perez,OF,196.20000000000002,-55.6,338.4,102,27
314,Jake Meyers,OF,195.7,-56.1,332.4,91,27
315,Alex Vesia,RP,183.8,-56.3,285.2,2,27
316,Cade Cavalli,SP,250.39999999999995,-56.5,999.0,154,27
317,Max Meyer,SP,250.09999999999994,-56.8,322.4,69,27
318,Cam Schlittler,SP,249.80000000000004,-57.1,190.4,-155,27
319,Josh Bell,1B,271.6,-57.2,344.2,106,27
320,Parker Meadows,OF,194.4,-57.4,999.0,151,27
321,Taj Bradley,SP,249.09999999999994,-57.8,999.0,151,27
322,Tyler Mahle,SP,248.59999999999997,-58.3,292.3,10,27
323,Phil Maton,RP,181.29999999999998,-58.8,309.6,37,27
324,Mike Yastrzemski,OF,192.90000000000003,-58.9,999.0,149,27
325,Brandon Marsh,OF,192.6,-59.2,311.6,40,28
326,Jesus Sanchez,OF,192.5,-59.3,328.3,72,28
327,Jacob Lopez,SP,247.29999999999998,-59.6,297.9,15,28
328,Hogan Harris,RP,180.5,-59.6,999.0,147,28
329,Jordan Walker,OF,192.10000000000002,-59.7,306.6,28,28
330,Zebby Matthews,SP,246.79999999999995,-60.1,277.0,-26,28
331,Andrew Kittredge,RP,179.4,-60.7,337.8,83,28
332,Shawn Armstrong,RP,179.2,-60.9,999.0,143,28
333,Camilo Doval,RP,178.9,-61.2,315.6,42,28
334,Dylan Lee,RP,178.8,-61.3,999.0,142,28
335,Fernando Cruz,RP,177.60000000000002,-62.5,999.0,142,28
336,Willi Castro,2B,229.00000000000006,-62.6,279.2,-29,28
337,Connor Norby,3B,180.39999999999998,-62.6,311.2,28,29
338,Zach McKinstry,3B,180.2,-62.8,330.4,64,29
339,Matt Strahm,RP,177.29999999999995,-62.8,999.0,140,29
340,Ryan Weathers,SP,243.90000000000012,-63.0,262.5,-61,29
341,Will Warren,SP,243.59999999999997,-63.3,296.8,-1,29
342,Isaac Collins,OF,188.4,-63.4,326.4,51,29
343,Justin Sterner,RP,175.99999999999997,-64.1,290.4,-15,29
344,Victor Scott,OF,187.60000000000002,-64.2,999.0,135,29
345,Cristian Javier,SP,242.29999999999998,-64.6,322.8,42,29
346,Cole Henry,RP,175.39999999999998,-64.7,999.0,134,29
347,Tony Santillan,RP,174.4,-65.7,999.0,134,29
348,Francisco Alvarez,C,204.5,-65.9,208.6,-150,29
349,Cade Horton,SP,240.90000000000003,-66.0,220.3,-132,30
350,Justin Verlander,SP,240.4,-66.5,999.0,132,30
351,JJ Wetherholt,2B,225.0,-66.6,247.0,-96,30
352,Jordan Leasure,RP,173.0,-67.1,331.0,51,30
353,Louis Varland,RP,172.79999999999998,-67.3,999.0,130,30
354,Dansby Swanson,SS,260.80000000000007,-67.4,161.4,-228,30
355,Giancarlo Stanton,OF,184.20000000000002,-67.6,228.8,-124,30
356,Mark Leiter Jr.,RP,172.0,-68.1,999.0,128,30
357,Hunter Gaddis,RP,171.8,-68.3,255.3,-92,30
358,Jose Alvarado,RP,171.50000000000003,-68.6,312.3,9,30
359,Jackson Holliday,2B,222.9,-68.7,205.8,-166,30
360,Lane Thomas,OF,183.00000000000003,-68.8,344.9,66,30
361,Dean Kremer,SP,237.89999999999998,-69.0,327.8,35,31
362,Munetaka Murakami,1B,259.59999999999997,-69.2,201.0,-178,31
363,Michael McGreevy,SP,237.29999999999998,-69.6,999.0,122,31
364,Lucas Giolito,SP,236.89999999999998,-70.0,334.6,45,31
365,Andrew Vaughn,1B,258.69999999999993,-70.1,260.2,-89,31
366,Kirby Yates,RP,169.70000000000002,-70.4,288.3,-41,31
367,Shane Bieber,SP,236.4,-70.5,236.6,-126,31
368,Jared Koenig,RP,169.39999999999998,-70.7,999.0,118,31
369,Kyle Manzardo,1B,257.3,-71.5,241.0,-122,31
370,Bryan King,RP,168.5,-71.6,999.0,117,31
371,Kodai Senga,SP,235.20000000000005,-71.7,229.2,-139,31
372,Bryan Baker,RP,168.29999999999995,-71.8,999.0,116,31
373,Caleb Thielbar,RP,168.00000000000003,-72.1,999.0,116,32
374,Gregory Soto,RP,167.2,-72.9,999.0,116,32
375,Davis Martin,SP,233.5,-73.4,999.0,116,32
376,Austin Hays,OF,178.3,-73.5,317.0,1,32
377,Christian Walker,1B,255.20000000000002,-73.6,157.0,-256,32
378,Jonathan Aranda,1B,255.20000000000005,-73.6,201.4,-191,32
379,Roki Sasaki,SP,233.10000000000005,-73.8,226.2,-154,32
380,Dylan Beavers,OF,177.49999999999997,-74.3,263.5,-99,32
381,Willson Contreras,1B,254.20000000000002,-74.6,162.4,-254,32
382,Kyle Isbel,OF,177.0,-74.8,999.0,110,32
383,Eduardo Rodriguez,SP,231.79999999999998,-75.1,999.0,110,32
384,Dominic Canzone,OF,176.60000000000005,-75.2,319.9,-1,32
385,Parker Messick,SP,231.60000000000005,-75.3,276.0,-84,33
386,Matt Svanson,RP,164.8,-75.3,285.0,-69,33
387,Orion Kerkering,RP,164.49999999999997,-75.6,999.0,107,33
388,Eduard Bazardo,RP,164.10000000000002,-76.0,999.0,107,33
389,Yimi Garcia,RP,164.1,-76.0,999.0,108,33
390,Landen Roupp,SP,230.70000000000005,-76.2,999.0,107,33
391,Ryan O'Hearn,1B,252.4,-76.4,272.3,-97,33
392,Miguel Andujar,3B,166.60000000000002,-76.4,301.0,-45,33
393,Tyler Rogers,RP,163.70000000000005,-76.4,311.8,-26,33
394,Austin Wells,C,193.79999999999995,-76.6,253.4,-131,33
395,Jake Cronenworth,1B,251.9,-76.9,999.0,103,33
396,Kyle Finnegan,RP,162.9,-77.2,999.0,103,33
397,Jake Burger,1B,251.50000000000006,-77.3,252.4,-137,34
398,A.J. Minter,RP,162.39999999999998,-77.7,346.1,30,34
399,Colt Keith,1B,250.80000000000007,-78.0,300.6,-53,34
400,Erik Miller,RP,162.0,-78.1,999.0,100,34
401,Calvin Faucher,RP,161.69999999999996,-78.4,999.0,100,34
402,Bo Naylor,C,191.70000000000002,-78.7,303.4,-51,34
403,Gabe Speier,RP,160.6,-79.5,999.0,99,34
404,Jake McCarthy,OF,171.7,-80.1,999.0,99,34
405,Jose Berrios,SP,226.5,-80.4,999.0,99,34
406,Sal Stewart,1B,248.2,-80.6,233.5,-170,34
407,Nick Martinez,SP,226.30000000000007,-80.6,341.9,16,34
408,Hunter Harvey,RP,159.20000000000002,-80.9,355.0,38,34
409,Lucas Erceg,RP,159.2,-80.9,999.0,97,35
410,Matt McLain,2B,210.20000000000005,-81.4,189.6,-248,35
411,Simeon Woods Richardson,SP,225.2,-81.7,999.0,95,35
412,Sean Burke,SP,225.0,-81.9,999.0,95,35
413,J.T. Realmuto,C,188.3,-82.1,246.3,-160,35
414,Kyle Teel,C,188.20000000000002,-82.2,224.5,-191,35
415,Kody Funderburk,RP,157.89999999999998,-82.2,999.0,94,35
416,Steven Okert,RP,157.7,-82.4,999.0,93,35
417,J.P. Crawford,SS,245.39999999999998,-82.8,999.0,93,35
418,Logan Henderson,SP,224.00000000000003,-82.9,283.5,-104,35
419,Brady House,3B,159.6,-83.4,999.0,92,35
420,Tommy Edman,2B,207.79999999999998,-83.8,276.2,-119,35
421,Brad Keller,RP,156.3,-83.8,316.2,-45,36
422,Justin Topa,RP,156.30000000000004,-83.8,999.0,91,36
423,Brad Lord,SP,222.90000000000003,-84.0,999.0,90,36
424,Adrian Houser,SP,222.80000000000004,-84.1,999.0,90,36
425,Joey Ortiz,SS,243.79999999999998,-84.4,999.0,90,36
426,Justin Crawford,OF,167.00000000000003,-84.8,258.5,-156,36
427,Paul Sewald,RP,154.60000000000002,-85.5,999.0,89,36
428,Tyler O'Neill,OF,166.00000000000003,-85.8,263.2,-148,36
429,Jimmy Herget,RP,154.20000000000005,-85.9,999.0,88,36
430,Graham Ashcraft,RP,154.1,-86.0,999.0,88,36
431,Ryan McMahon,3B,156.9,-86.1,331.4,-27,36
432,Samuel Basallo,C,184.20000000000002,-86.2,237.1,-190,36
433,Grant Holmes,SP,219.99999999999997,-86.9,322.8,-45,37
434,Chris Martin,RP,152.60000000000002,-87.5,999.0,85,37
435,Jake Fraley,OF,164.10000000000002,-87.7,999.0,85,37
436,Aaron Ashby,RP,151.99999999999997,-88.1,999.0,85,37
437,Kyle Freeland,SP,218.1,-88.8,999.0,85,37
438,Blake Treinen,RP,151.3,-88.8,999.0,86,37
439,Spencer Horwitz,1B,239.29999999999998,-89.5,304.6,-86,37
440,Edgar Quero,C,180.20000000000002,-90.2,293.4,-104,37
441,Brayan Rocchio,2B,200.60000000000002,-91.0,999.0,83,37
442,Brooks Raley,RP,148.70000000000002,-91.4,999.0,83,37
443,JJ Bleday,OF,160.3,-91.5,999.0,83,37
444,Andre Pallante,SP,215.09999999999994,-91.8,999.0,83,37
445,Trevor Story,SS,236.00000000000003,-92.2,181.4,-296,38
446,Ryan Thompson,RP,147.29999999999998,-92.8,999.0,82,38
447,Erik Sabrowski,RP,145.80000000000004,-94.3,999.0,82,38
448,Nick Castellanos,OF,157.00000000000003,-94.8,259.7,-175,38
449,Cam Smith,OF,156.6,-95.2,298.0,-106,38
450,Jakob Junis,RP,144.50000000000003,-95.6,999.0,80,38
451,Max Scherzer,SP,211.20000000000005,-95.7,999.0,80,38
452,Juan Mejia,RP,144.30000000000004,-95.8,999.0,80,38
453,Mason Montgomery,RP,143.9,-96.2,999.0,80,38
454,Tyler Kinley,RP,143.00000000000003,-97.1,999.0,80,38
455,Alek Thomas,OF,154.70000000000005,-97.1,999.0,81,38
456,Pierce Johnson,RP,142.90000000000003,-97.2,999.0,80,38
457,Nathan Lukes,OF,154.5,-97.3,348.9,-22,39
458,Yoan Moncada,3B,145.50000000000003,-97.5,354.0,-15,39
459,Miles Mikolas,SP,209.40000000000003,-97.5,999.0,79,39
460,John Schreiber,RP,142.0,-98.1,999.0,78,39
461,Ryan Zeferjahn,RP,141.60000000000005,-98.5,999.0,78,39
462,Aaron Civale,SP,208.39999999999998,-98.5,999.0,79,39
463,Greg Weissert,RP,141.10000000000005,-99.0,999.0,78,39
464,Cole Winn,RP,140.49999999999997,-99.6,999.0,78,39
465,Isaac Mattson,RP,140.39999999999998,-99.7,999.0,78,39
466,Anthony Bender,RP,139.99999999999994,-100.1,999.0,78,39
467,Julian Fernandez,RP,139.6,-100.5,999.0,78,39
468,Ben Joyce,RP,139.4,-100.7,999.0,78,39
469,PJ Poulin,RP,139.29999999999998,-100.8,999.0,78,40
470,Tyler Phillips,RP,138.89999999999998,-101.2,999.0,78,40
471,Ryne Stanek,RP,138.7,-101.4,999.0,78,40
472,Aaron Bummer,RP,138.6,-101.5,999.0,78,40
473,Tanner Banks,RP,138.40000000000003,-101.7,999.0,78,40
474,Michael Soroka,SP,204.60000000000002,-102.3,302.5,-125,40
475,Angel Zerpa,RP,137.3,-102.8,999.0,77,40
476,Johan Oviedo,SP,203.9,-103.0,347.5,-45,40
477,Keibert Ruiz,C,166.89999999999995,-103.5,999.0,76,40
478,Brock Burke,RP,136.20000000000005,-103.9,999.0,76,40
479,Drew Anderson,RP,136.10000000000002,-104.0,999.0,76,40
480,Spencer Bivens,RP,135.59999999999997,-104.5,999.0,76,40
481,Josh Smith,1B,224.09999999999997,-104.7,335.4,-71,41
482,Freddy Fermin,C,165.30000000000004,-105.1,339.4,-65,41
483,Anthony Kay,SP,201.60000000000002,-105.3,999.0,74,41
484,Yennier Cano,RP,134.79999999999998,-105.3,999.0,75,41
485,Jac Caglianone,1B,222.89999999999998,-105.9,253.2,-223,41
486,Brett Baty,2B,185.7,-105.9,277.7,-180,41
487,Drey Jameson,RP,133.9,-106.2,999.0,72,41
488,Andrew Nardi,RP,133.8,-106.3,999.0,72,41
489,Tyler Stephenson,C,163.89999999999998,-106.5,202.4,-302,41
490,Chris Paddack,SP,200.29999999999998,-106.6,999.0,71,41
491,Joel Peguero,RP,133.29999999999998,-106.8,999.0,71,41
492,Justin Slaten,RP,133.29999999999995,-106.8,999.0,72,41
493,David Morgan,RP,133.00000000000003,-107.1,999.0,71,42
494,Jordan Romano,RP,132.9,-107.2,999.0,71,42
495,George Valera,OF,143.79999999999998,-108.0,290.0,-168,42
496,Nolan Gorman,2B,183.19999999999993,-108.4,999.0,70,42
497,Elvis Alvarado,RP,131.60000000000002,-108.5,999.0,70,42
498,Tyler Freeman,2B,182.9,-108.7,999.0,70,42
499,Jose Urquidy,RP,130.89999999999998,-109.2,999.0,70,42
500,Carson Kelly,C,161.1,-109.3,296.2,-161,42
501,Hoby Milner,RP,130.49999999999997,-109.6,999.0,69,42
502,Carson Benge,OF,142.10000000000002,-109.7,252.5,-241,42
503,Logan O'Hoppe,C,160.4,-110.0,223.6,-281,42
504,Nick Mears,RP,129.0,-111.1,999.0,67,42
505,Matt Festa,RP,128.6,-111.5,999.0,67,43
506,Gavin Lux,2B,180.09999999999997,-111.5,999.0,68,43
507,Carter Jensen,C,158.20000000000002,-112.2,235.0,-267,43
508,Matt Shaw,3B,130.79999999999998,-112.2,291.4,-178,43
509,Victor Caratini,C,157.89999999999998,-112.5,999.0,65,43
510,Brendon Little,RP,127.1,-113.0,999.0,65,43
511,Mason Englert,RP,126.70000000000002,-113.4,999.0,65,43
512,Michael Lorenzen,SP,193.39999999999992,-113.5,999.0,65,43
513,Ha-Seong Kim,2B,178.0,-113.6,999.0,65,43
514,Seth Halvorsen,RP,126.40000000000003,-113.7,999.0,65,43
515,Kade Strowd,RP,126.4,-113.7,999.0,66,43
516,Anthony Banda,RP,126.30000000000001,-113.8,999.0,65,43
517,Dillon Dingler,C,156.3,-114.1,273.0,-219,44
518,Spencer Schwellenbach,SP,192.6999999999999,-114.2,164.3,-390,44
519,Justin Lawrence,RP,125.59999999999997,-114.5,999.0,63,44
520,Enyel De Los Santos,RP,125.39999999999999,-114.7,999.0,63,44
521,Christopher Morel,OF,136.99999999999997,-114.8,999.0,63,44
522,Tommy Nance,RP,124.79999999999995,-115.3,999.0,63,44
523,Jacob Young,OF,136.50000000000003,-115.3,999.0,64,44
524,Carlos Narvaez,C,154.59999999999997,-115.8,303.6,-172,44
525,Kumar Rocker,SP,191.10000000000002,-115.8,999.0,63,44
526,Owen Caissie,OF,135.9,-115.9,259.8,-252,44
527,Jordan Lawlar,3B,126.6,-116.4,333.5,-121,44
528,Luis Morales,SP,190.39999999999998,-116.5,325.9,-136,44
529,Moises Ballesteros,C,153.7,-116.7,272.5,-233,45
530,Victor Robles,OF,134.9,-116.9,327.5,-135,45
531,Luis Rengifo,2B,174.4,-117.2,999.0,57,45
532,Gavin Sheets,1B,211.4,-117.4,321.8,-147,45
533,Michael Kelly,RP,122.70000000000002,-117.4,999.0,57,45
534,Scott Barlow,RP,122.60000000000001,-117.5,999.0,55,45
535,Logan Allen,SP,189.40000000000003,-117.5,999.0,56,45
536,Garrett Mitchell,OF,134.30000000000004,-117.5,999.0,57,45
537,Wandy Peralta,RP,121.80000000000001,-118.3,999.0,56,45
538,Jason Adam,RP,120.60000000000001,-119.5,999.0,56,45
539,Luis Gil,SP,187.10000000000002,-119.8,329.2,-139,45
540,Caleb Ferguson,RP,120.30000000000001,-119.8,999.0,56,45
541,Jake Bird,RP,119.80000000000001,-120.3,999.0,55,46
542,Tim Herrin,RP,119.39999999999996,-120.7,999.0,55,46
543,Bryce Elder,SP,185.7,-121.2,999.0,55,46
544,Jovani Moran,RP,118.69999999999999,-121.4,999.0,55,46
545,Ian Seymour,SP,185.4,-121.5,275.5,-245,46
546,Alexis Diaz,RP,118.39999999999996,-121.7,999.0,54,46
547,Lance McCullers Jr.,SP,185.19999999999996,-121.7,999.0,55,46
548,Grant Anderson,RP,118.20000000000002,-121.9,999.0,54,46
549,Spencer Steer,1B,206.7,-122.1,219.6,-333,46
550,Jared Jones,SP,184.10000000000002,-122.8,266.8,-264,46
551,Anthony Volpe,SS,205.39999999999998,-122.8,999.0,52,46
552,Patrick Corbin,SP,184.10000000000005,-122.8,999.0,53,46
553,Jonathan Bowlan,RP,117.30000000000001,-122.8,999.0,54,47
554,Jesse Winker,OF,128.9,-122.9,999.0,52,47
555,Sam Hentges,RP,116.2,-123.9,999.0,52,47
556,Andrew McCutchen,OF,127.10000000000002,-124.7,999.0,51,47
557,Nick Gonzales,2B,166.9,-124.7,999.0,52,47
558,Graham Pauley,3B,118.30000000000001,-124.7,999.0,53,47
559,Tim Hill,RP,115.10000000000001,-125.0,999.0,52,47
560,A.J. Puk,RP,114.79999999999997,-125.3,999.0,52,47
561,Patrick Bailey,C,144.89999999999998,-125.5,999.0,52,47
562,Jake Mangum,OF,124.99999999999999,-126.8,348.5,-128,47
563,Brenan Hanifee,RP,112.89999999999998,-127.2,999.0,51,47
564,Bennett Sousa,RP,112.40000000000003,-127.7,282.0,-253,47
565,Yuki Matsui,RP,112.19999999999996,-127.9,999.0,50,48
566,Yohan Ramirez,RP,111.90000000000002,-128.2,999.0,50,48
567,Marcelo Mayer,2B,163.20000000000002,-128.4,278.9,-261,48
568,Justin Steele,SP,178.5,-128.4,328.1,-170,48
569,Cade Gibson,RP,111.39999999999998,-128.7,999.0,48,48
570,Braydon Fisher,RP,111.39999999999999,-128.7,999.0,49,48
571,Danny Jansen,C,141.6,-128.8,999.0,48,48
572,Griffin Canning,SP,177.90000000000006,-129.0,999.0,47,48
573,Eric Orze,RP,111.10000000000002,-129.0,999.0,48,48
574,Jared Triolo,1B,199.79999999999998,-129.0,999.0,49,48
575,Luisangel Acuna,2B,162.0,-129.6,323.8,-185,48
576,Rico Garcia,RP,110.49999999999997,-129.6,999.0,48,48
577,Gordon Graceffo,RP,109.19999999999997,-130.9,999.0,47,49
578,Carlos Vargas,RP,108.69999999999999,-131.4,999.0,47,49
579,Taylor Clarke,RP,107.80000000000004,-132.3,999.0,47,49
580,Luis Garcia,2B,159.00000000000006,-132.6,264.0,-298,49
581,Connor Phillips,RP,107.39999999999999,-132.7,999.0,46,49
582,Matt Gage,RP,107.3,-132.8,999.0,46,49
583,Daniel Lynch,RP,107.1,-133.0,999.0,46,49
584,Jonny DeLuca,OF,118.10000000000002,-133.7,313.5,-214,49
585,Mick Abel,SP,173.00000000000003,-133.9,999.0,45,49
586,Joel Payamps,RP,105.90000000000003,-134.2,999.0,45,49
587,Heriberto Hernandez,OF,117.50000000000001,-134.3,999.0,45,49
588,Nate Pearson,RP,105.6,-134.5,999.0,45,49
589,Jacob Latz,SP,172.10000000000002,-134.8,999.0,45,50
590,Jon Gray,RP,104.70000000000002,-135.4,999.0,45,50
591,Cole Young,2B,156.00000000000006,-135.6,999.0,45,50
592,Randy Vasquez,SP,171.0,-135.9,999.0,45,50
593,Andrew Chafin,RP,103.99999999999997,-136.1,999.0,45,50
594,Casey Legumina,RP,103.5,-136.6,999.0,45,50
595,Justin Bruihl,RP,103.49999999999999,-136.6,999.0,46,50
596,Cole Sulser,RP,103.30000000000003,-136.8,999.0,45,50
597,Ian Hamilton,RP,103.19999999999999,-136.9,999.0,45,50
598,Porter Hodge,RP,102.60000000000002,-137.5,999.0,45,50
599,Andrew Painter,SP,168.59999999999994,-138.3,280.0,-291,50
600,Tommy Pham,OF,113.50000000000003,-138.3,999.0,45,50
601,Keegan Akin,SP,168.1,-138.8,999.0,44,51
602,Brent Headrick,RP,100.50000000000003,-139.6,999.0,44,51
603,Sean Murphy,C,130.60000000000002,-139.8,271.2,-311,51
604,Josiah Gray,SP,167.09999999999994,-139.8,999.0,44,51
605,Brooks Baldwin,2B,151.50000000000003,-140.1,300.0,-260,51
606,German Marquez,SP,166.7,-140.2,999.0,42,51
607,Mauricio Dubon,2B,150.40000000000003,-141.2,999.0,42,51
608,Colin Selby,RP,98.90000000000003,-141.2,999.0,43,51
609,Connor Brogdon,RP,97.89999999999999,-142.2,999.0,42,51
610,Will Klein,RP,97.8,-142.3,999.0,42,51
611,Kyle Harrison,SP,164.39999999999998,-142.5,999.0,42,51
612,Kutter Crawford,SP,164.1,-142.8,999.0,42,51
613,Richard Fitts,SP,163.79999999999998,-143.1,999.0,42,52
614,Austin Martin,2B,148.39999999999998,-143.2,999.0,42,52
615,Cole Sands,SP,163.6,-143.3,999.0,42,52
616,Evan Sisk,RP,96.2,-143.9,999.0,42,52
617,Tyler Holton,SP,162.49999999999997,-144.4,999.0,42,52
618,Justin Wilson,RP,95.70000000000002,-144.4,999.0,43,52
619,Liam Hicks,C,125.89999999999999,-144.5,999.0,42,52
620,Jose Quintana,SP,162.40000000000003,-144.5,999.0,43,52
621,Alex Lange,RP,95.10000000000002,-145.0,999.0,42,52
622,Justin Wrobleski,RP,95.0,-145.1,999.0,42,52
623,Max Muncy,2B,146.20000000000002,-145.4,234.0,-386,52
624,Denzel Clarke,OF,106.39999999999998,-145.4,341.5,-203,52
625,Masataka Yoshida,OF,106.2,-145.6,333.8,-218,53
626,Brady Basso,RP,94.39999999999999,-145.7,999.0,39,53
627,Hunter Barco,SP,161.00000000000009,-145.9,999.0,39,53
628,Jeremiah Jackson,3B,97.00000000000001,-146.0,999.0,39,53
629,Michael Conforto,OF,105.50000000000001,-146.3,999.0,39,53
630,Joey Loperfido,OF,105.39999999999998,-146.4,999.0,39,53
631,Griffin Conine,OF,105.1,-146.7,339.4,-213,53
632,Matt Pushard,RP,93.19999999999999,-146.9,999.0,38,53
633,Chase Silseth,RP,93.10000000000001,-147.0,999.0,38,53
634,Lake Bachar,RP,92.79999999999998,-147.3,999.0,38,53
635,Roddery Munoz,RP,92.69999999999997,-147.4,999.0,38,53
636,Brusdar Graterol,RP,92.5,-147.6,999.0,38,53
637,Richard Lovelady,RP,92.2,-147.9,999.0,38,54
638,Steven Wilson,RP,91.79999999999997,-148.3,999.0,38,54
639,Jaden Hill,RP,91.7,-148.4,999.0,38,54
640,Danny Coulombe,RP,91.39999999999999,-148.7,999.0,38,54
641,Kevin McGonigle,SS,179.3,-148.9,293.0,-308,54
642,Brandyn Garcia,RP,90.8,-149.3,999.0,37,54
643,Jake Irvin,SP,157.60000000000002,-149.3,999.0,38,54
644,Tyrone Taylor,OF,102.19999999999999,-149.6,999.0,37,54
645,Mike Vasil,SP,156.99999999999991,-149.9,999.0,37,54
646,Robert Gasser,SP,156.9,-150.0,999.0,37,54
647,Josh Sborz,RP,89.59999999999997,-150.5,999.0,37,54
648,Jose Caballero,2B,140.1,-151.5,261.0,-371,54
649,Rob Zastryzny,RP,88.3,-151.8,999.0,36,55
650,Bryan Hudson,RP,88.00000000000001,-152.1,999.0,36,55
651,Eduarniel Nunez,RP,87.8,-152.3,999.0,36,55
652,Luis Campusano,C,117.90000000000002,-152.5,999.0,36,55
653,Tyler Anderson,SP,154.30000000000004,-152.6,999.0,36,55
654,Tommy Kahnle,RP,87.4,-152.7,999.0,36,55
655,Zach Cole,OF,98.99999999999999,-152.8,305.0,-301,55
656,JT Brubaker,RP,87.3,-152.8,999.0,36,55
657,Randal Grichuk,OF,98.8,-153.0,999.0,35,55
658,Nick Fortes,C,117.39999999999999,-153.0,999.0,36,55
659,Brock Stewart,RP,86.89999999999999,-153.2,999.0,35,55
660,Michael Massey,2B,137.7,-153.9,999.0,35,55
661,RJ Petit,RP,86.2,-153.9,999.0,36,56
662,Kyle Karros,3B,88.60000000000001,-154.4,999.0,35,56
663,Chase Dollander,SP,152.4,-154.5,999.0,35,56
664,Josh White,RP,85.50000000000003,-154.6,999.0,35,56
665,Drew Pomeranz,SP,152.20000000000005,-154.7,999.0,35,56
666,Robby Snelling,SP,152.10000000000002,-154.8,284.0,-351,56
667,Pavin Smith,1B,174.00000000000003,-154.8,325.5,-275,56
668,Matt Vierling,OF,96.89999999999999,-154.9,999.0,33,56
669,Alex Verdugo,OF,96.60000000000001,-155.2,999.0,33,56
670,Cooper Criswell,RP,84.79999999999998,-155.3,999.0,33,56
671,Davis Schneider,2B,135.50000000000003,-156.1,999.0,33,56
672,Starling Marte,OF,95.70000000000002,-156.1,999.0,34,56
673,Spencer Arrighetti,SP,150.4,-156.5,285.6,-355,57
674,Taijuan Walker,SP,150.00000000000006,-156.9,999.0,32,57
675,Miguel Amaya,C,113.20000000000002,-157.2,308.4,-316,57
676,Ryan Fernandez,RP,82.60000000000001,-157.5,999.0,31,57
677,Sean Newcomb,SP,148.60000000000005,-158.3,999.0,31,57
678,Colby Thomas,OF,93.4,-158.4,999.0,31,57
679,Peyton Pallette,RP,81.60000000000001,-158.5,999.0,31,57
680,Dylan Dodd,RP,81.39999999999999,-158.7,999.0,31,57
681,Janson Junk,SP,148.09999999999997,-158.8,999.0,31,57
682,Alek Manoah,SP,148.09999999999997,-158.8,999.0,32,57
683,Beau Brieske,RP,81.19999999999997,-158.9,999.0,31,57
684,Konnor Griffin,SS,169.20000000000002,-159.0,232.5,-449,57
685,Hunter Bigge,RP,81.1,-159.0,999.0,31,58
686,Kevin Kelly,RP,81.00000000000001,-159.1,999.0,30,58
687,George Soriano,RP,80.80000000000003,-159.3,999.0,30,58
688,Tobias Myers,SP,147.59999999999994,-159.3,999.0,31,58
689,Jhostynxon Garcia,OF,91.99999999999999,-159.8,999.0,30,58
690,Zach Maxwell,RP,80.2,-159.9,999.0,29,58
691,Rob Refsnyder,OF,91.90000000000002,-159.9,999.0,30,58
692,Zach Pop,RP,80.2,-159.9,999.0,31,58
693,John King,RP,80.0,-160.1,999.0,30,58
694,Adbert Alzolay,RP,79.89999999999998,-160.2,999.0,30,58
695,Bradgley Rodriguez,RP,79.80000000000001,-160.3,999.0,30,58
696,Jalen Beeks,RP,79.60000000000001,-160.5,999.0,30,58
697,Will Benson,OF,91.00000000000003,-160.8,999.0,30,59
698,Christian Moore,2B,130.60000000000002,-161.0,328.7,-299,59
699,Ryan Weiss,SP,145.70000000000002,-161.2,999.0,29,59
700,Mason Fluharty,RP,78.80000000000003,-161.3,999.0,29,59
701,Gus Varland,RP,78.60000000000002,-161.5,999.0,29,59
702,Troy Taylor,RP,78.39999999999998,-161.7,999.0,29,59
703,Thomas Saggese,2B,129.4,-162.2,999.0,29,59
704,Pedro Pages,C,108.19999999999999,-162.2,999.0,30,59
705,Sam Haggerty,OF,89.2,-162.6,999.0,28,59
706,Kyle Hurt,RP,77.50000000000001,-162.6,999.0,29,59
707,Sung-Mun Song,2B,129.0,-162.6,999.0,30,59
708,Gabriel Arias,2B,128.59999999999997,-163.0,999.0,29,59
709,Ryan Brasier,RP,76.99999999999999,-163.1,999.0,29,60
710,Steven Cruz,RP,76.89999999999998,-163.2,999.0,29,60
711,Tyler Ferguson,RP,76.10000000000002,-164.0,999.0,29,60
712,Michael Kopech,RP,75.8,-164.3,356.6,-264,60
713,Hunter Dobbins,SP,142.60000000000002,-164.3,999.0,29,60
714,Lenyn Sosa,1B,164.00000000000003,-164.8,272.7,-417,60
715,Paul Goldschmidt,1B,163.80000000000004,-165.0,999.0,27,60
716,Jose Butto,SP,141.7,-165.2,999.0,26,60
717,Erick Fedde,SP,141.69999999999996,-165.2,999.0,27,60
718,Jose Trevino,C,105.19999999999999,-165.2,999.0,28,60
719,Tyler Wells,SP,141.39999999999998,-165.5,999.0,27,60
720,Luke Jackson,RP,74.30000000000001,-165.8,999.0,27,60
721,Luis Medina,SP,140.59999999999994,-166.3,999.0,27,61
722,Jose Leclerc,RP,73.3,-166.8,999.0,27,61
723,Kyle Nicolas,RP,73.30000000000003,-166.8,999.0,28,61
724,Richie Palacios,OF,84.8,-167.0,999.0,27,61
725,Jose Fermin,2B,124.5,-167.1,999.0,27,61
726,Colin Holderman,RP,72.6,-167.5,999.0,27,61
727,Hayden Harris,RP,72.5,-167.6,999.0,27,61
728,Patrick Sandoval,SP,139.2,-167.7,999.0,27,61
729,Tomoyuki Sugano,SP,139.09999999999994,-167.8,999.0,27,61
730,Nathan Church,OF,83.7,-168.1,999.0,27,61
731,Nasim Nunez,2B,123.39999999999999,-168.2,999.0,27,61
732,Ben Williamson,3B,74.8,-168.2,999.0,28,61
733,Paxton Schultz,RP,71.6,-168.5,999.0,27,62
734,Joe Boyle,SP,138.39999999999998,-168.5,999.0,28,62
735,Craig Yoho,RP,71.4,-168.7,999.0,27,62
736,Ron Marinaccio,RP,71.29999999999998,-168.8,999.0,27,62
737,Dane Myers,OF,82.99999999999999,-168.8,999.0,28,62
738,Austin Warren,RP,71.20000000000002,-168.9,999.0,27,62
739,David Festa,SP,137.89999999999998,-169.0,999.0,27,62
740,Jasson Dominguez,OF,82.60000000000002,-169.2,255.4,-474,62
741,Daysbel Hernandez,RP,70.9,-169.2,999.0,26,62
742,Blake Perkins,OF,82.59999999999998,-169.2,999.0,27,62
743,Jack Perkins,RP,70.8,-169.3,999.0,26,62
744,Justyn-Henry Malloy,OF,82.39999999999999,-169.4,999.0,26,62
745,Yariel Rodriguez,RP,70.7,-169.4,999.0,27,63
746,Javier Sanoja,2B,122.10000000000001,-169.5,999.0,26,63
747,Edgardo Henriquez,RP,70.4,-169.7,999.0,26,63
748,Yaramil Hiraldo,RP,70.19999999999997,-169.9,999.0,26,63
749,Sam Moll,RP,69.7,-170.4,999.0,26,63
750,Joey Bart,C,99.70000000000002,-170.7,999.0,26,63
751,Dauri Moreta,RP,69.19999999999997,-170.9,999.0,26,63
752,Oswaldo Cabrera,3B,71.99999999999999,-171.0,999.0,26,63
753,Jonathan Cannon,SP,135.90000000000003,-171.0,999.0,27,63
754,Paul Blackburn,SP,135.70000000000002,-171.2,999.0,26,63
755,Troy Melton,SP,135.29999999999995,-171.6,357.0,-306,63
756,Chad Green,RP,68.29999999999997,-171.8,999.0,25,63
757,Tristan Beck,RP,68.3,-171.8,999.0,26,64
758,Henry Davis,C,98.30000000000001,-172.1,999.0,25,64
759,Zach Agnos,RP,67.49999999999997,-172.6,999.0,25,64
760,Robert Hassell III,OF,79.10000000000001,-172.7,999.0,25,64
761,Ethan Roberts,RP,66.89999999999999,-173.2,999.0,25,64
762,Alan Roden,OF,78.4,-173.4,999.0,25,64
763,Grant Wolfram,RP,66.7,-173.4,999.0,26,64
764,Andrew Hoffmann,RP,66.10000000000002,-174.0,999.0,25,64
765,Nick Sandlin,RP,66.09999999999998,-174.0,999.0,26,64
766,Ryan Feltner,SP,132.00000000000003,-174.9,999.0,25,64
767,Alex Call,OF,76.80000000000001,-175.0,999.0,25,64
768,Kyle Higashioka,C,95.10000000000002,-175.3,354.2,-324,64
769,Hurston Waldrep,SP,131.49999999999994,-175.4,258.8,-498,65
770,Andre Granillo,RP,64.7,-175.4,999.0,24,65
771,Carlos Santana,1B,153.30000000000004,-175.5,335.6,-361,65
772,Andrew Walters,RP,64.60000000000001,-175.5,999.0,22,65
773,Andrew Alvarez,SP,131.39999999999998,-175.5,999.0,23,65
774,Carmen Mlodzinski,SP,131.3,-175.6,999.0,22,65
775,Johan Rojas,OF,75.89999999999999,-175.9,999.0,22,65
776,Dylan Ross,RP,64.19999999999999,-175.9,999.0,23,65
777,James McArthur,RP,64.09999999999998,-176.0,999.0,22,65
778,Jonathan Loaisiga,RP,63.500000000000014,-176.6,999.0,22,65
779,Colin Rea,SP,130.1,-176.8,999.0,22,65
780,Bailey Horn,RP,63.19999999999998,-176.9,999.0,22,65
781,Luinder Avila,RP,63.20000000000001,-176.9,999.0,23,66
782,Joey Lucchesi,RP,62.79999999999999,-177.3,999.0,22,66
783,Harry Ford,C,93.00000000000001,-177.4,999.0,22,66
784,Reiver Sanmartin,RP,62.1,-178.0,999.0,21,66
785,Jacob Webb,RP,62.10000000000001,-178.0,999.0,22,66
786,Chris Murphy,RP,62.09999999999999,-178.0,999.0,23,66
787,Caden Dana,SP,128.2,-178.7,999.0,22,66
788,Brett Harris,3B,64.1,-178.9,999.0,22,66
789,Tyler Alexander,SP,127.3,-179.6,999.0,22,66
790,Javier Baez,2B,111.9,-179.7,354.5,-345,66
791,Johnathan Rodriguez,OF,71.39999999999999,-180.4,999.0,21,66
792,Evan Phillips,RP,59.10000000000001,-181.0,999.0,21,66
793,Dietrich Enns,SP,125.8,-181.1,999.0,21,67
794,Rhett Lowder,SP,125.50000000000001,-181.4,999.0,21,67
795,Brandan Bidois,RP,58.199999999999996,-181.9,999.0,21,67
796,Vaughn Grissom,2B,109.20000000000002,-182.4,999.0,21,67
797,Jason Foley,RP,57.69999999999999,-182.4,999.0,22,67
798,Max Lazar,RP,57.4,-182.7,999.0,21,67
799,Michael Tonkin,RP,57.39999999999999,-182.7,999.0,22,67
800,Eric Lauer,SP,124.09999999999998,-182.8,999.0,21,67
801,David Fry,C,87.30000000000003,-183.1,999.0,21,67
802,Chase Shugart,RP,56.900000000000006,-183.2,999.0,21,67
803,Cody Bradford,SP,123.60000000000002,-183.3,999.0,21,67
804,Chris Roycroft,RP,56.69999999999999,-183.4,999.0,21,67
805,Luis Matos,OF,68.4,-183.4,999.0,22,68
806,Ryan Waldschmidt,OF,68.2,-183.6,283.0,-493,68
807,Pedro Avila,RP,56.39999999999999,-183.7,999.0,19,68
808,Justin Martinez,RP,56.400000000000006,-183.7,999.0,20,68
809,Craig Kimbrel,RP,56.39999999999999,-183.7,999.0,21,68
810,Anthony Nunez,RP,56.0,-184.1,999.0,20,68
811,Connor Wong,C,86.1,-184.3,999.0,20,68
812,CJ Kayfus,1B,144.39999999999998,-184.4,320.4,-428,68
813,Anthony Santander,OF,67.3,-184.5,161.2,-688,68
814,Bryce Eldridge,1B,143.89999999999995,-184.9,288.0,-491,68
815,Luis Torrens,C,85.49999999999999,-184.9,999.0,17,68
816,Luis Mey,RP,55.19999999999999,-184.9,999.0,18,68
817,Chase Lee,RP,55.0,-185.1,999.0,17,69
818,JP Sears,SP,121.70000000000003,-185.2,353.2,-376,69
819,Everson Pereira,OF,66.39999999999999,-185.4,999.0,16,69
820,Keegan Thompson,RP,54.500000000000014,-185.6,999.0,16,69
821,Myles Straw,OF,65.99999999999999,-185.8,999.0,16,69
822,Drew Gilbert,OF,65.89999999999999,-185.9,999.0,16,69
823,Edouard Julien,1B,142.70000000000002,-186.1,999.0,15,69
824,Brandon Sproat,SP,120.80000000000005,-186.1,999.0,16,69
825,Nick Raquet,RP,53.99999999999997,-186.1,999.0,17,69
826,Jack Dreyer,SP,120.70000000000002,-186.2,999.0,16,69
827,Yerry De los Santos,RP,53.79999999999999,-186.3,999.0,16,69
828,Yohel Pozo,C,83.80000000000001,-186.6,999.0,16,69
829,James Outman,OF,64.80000000000001,-187.0,999.0,16,70
830,Angel Martinez,2B,104.50000000000001,-187.1,999.0,16,70
831,Amed Rosario,2B,104.4,-187.2,999.0,16,70
832,Orlando Ribalta,RP,52.79999999999999,-187.3,999.0,16,70
833,Brant Hurter,SP,119.29999999999998,-187.6,999.0,16,70
834,Ty Adcock,RP,52.50000000000001,-187.6,999.0,17,70
835,Alek Jacob,RP,52.4,-187.7,999.0,16,70
836,Kyle Keller,RP,52.19999999999999,-187.9,999.0,16,70
837,Hunter Feduccia,C,82.39999999999999,-188.0,999.0,16,70
838,Javier Assad,SP,118.89999999999999,-188.0,999.0,17,70
839,Max Kepler,OF,63.39999999999999,-188.4,999.0,16,70
840,Prelander Berroa,RP,51.70000000000001,-188.4,999.0,17,70
841,Ben Casparius,SP,118.1,-188.8,999.0,16,71
842,Kendall Graveman,RP,51.300000000000004,-188.8,999.0,17,71
843,Luis Curvelo,RP,51.19999999999999,-188.9,999.0,16,71
844,Justin Hagenman,RP,50.79999999999998,-189.3,999.0,15,71
845,Trent Thornton,RP,50.8,-189.3,999.0,16,71
846,Tayler Saucedo,RP,50.8,-189.3,999.0,17,71
847,Paul Gervase,RP,50.499999999999986,-189.6,999.0,16,71
848,Jahmai Jones,OF,61.900000000000006,-189.9,999.0,16,71
849,Rafael Montero,RP,49.599999999999994,-190.5,999.0,16,71
850,Ryan Yarbrough,SP,116.20000000000002,-190.7,999.0,16,71
851,Zack Kelly,SP,116.2,-190.7,999.0,17,71
852,Edmundo Sosa,2B,100.8,-190.8,999.0,16,71
853,Carlos Cortes,OF,60.999999999999986,-190.8,999.0,17,72
854,Juan Morillo,RP,49.09999999999999,-191.0,999.0,16,72
855,Jorge Lopez,RP,49.1,-191.0,999.0,17,72
856,Jackson Rutledge,SP,114.70000000000002,-192.2,999.0,16,72
857,Ty Madden,RP,47.89999999999999,-192.2,999.0,17,72
858,Emerson Hancock,SP,114.6,-192.3,999.0,16,72
859,Braxton Fulford,C,77.89999999999999,-192.5,999.0,16,72
860,Angel Chivilli,RP,47.5,-192.6,999.0,16,72
861,Tim Mayza,RP,47.19999999999999,-192.9,999.0,16,72
862,Mike Tauchman,OF,58.8,-193.0,999.0,16,72
863,Cionel Perez,RP,47.00000000000001,-193.1,999.0,16,72
864,Brent Suter,SP,113.7,-193.2,999.0,16,72
865,Drew Smith,RP,46.9,-193.2,999.0,17,73
866,Joe Jimenez,RP,46.79999999999999,-193.3,999.0,16,73
867,Ryan Harbin,RP,46.699999999999974,-193.4,999.0,16,73
868,Dalton Rushing,C,76.9,-193.5,349.8,-431,73
869,Joe Mack,C,76.8,-193.6,999.0,15,73
870,Jose Tena,2B,97.6,-194.0,999.0,15,73
871,Hunter Stratton,RP,46.00000000000001,-194.1,999.0,15,73
872,Easton McGee,RP,46.00000000000001,-194.1,999.0,16,73
873,Stephen Kolek,SP,112.69999999999999,-194.2,999.0,15,73
874,Ben Brown,SP,112.29999999999997,-194.6,999.0,15,73
875,Sam Bachman,RP,45.50000000000001,-194.6,999.0,16,73
876,Bryce Teodosio,OF,57.1,-194.7,999.0,15,73
877,Garrett Hawkins,RP,44.999999999999986,-195.1,999.0,15,74
878,Scott Alexander,RP,44.90000000000001,-195.2,999.0,15,74
879,Michael Helman,OF,56.500000000000014,-195.3,999.0,15,74
880,Colin Poche,RP,44.7,-195.4,999.0,15,74
881,Brennan Bernardino,SP,111.4,-195.5,999.0,14,74
882,Jordan Hicks,SP,111.40000000000002,-195.5,999.0,15,74
883,Tyler Samaniego,RP,44.60000000000001,-195.5,999.0,16,74
884,Dylan Smith,RP,44.50000000000001,-195.6,999.0,15,74
885,Cody Freeman,2B,95.89999999999998,-195.7,999.0,15,74
886,Jacob Melton,OF,55.800000000000004,-196.0,999.0,15,74
887,Jorge Barrosa,OF,55.69999999999999,-196.1,999.0,15,74
888,Jayden Murray,RP,43.999999999999986,-196.1,999.0,16,74
889,Kaleb Ort,RP,43.800000000000004,-196.3,999.0,15,75
890,Griff McGarry,SP,110.4,-196.5,999.0,15,75
891,Michael Petersen,RP,43.50000000000002,-196.6,999.0,14,75
892,Yosver Zulueta,RP,43.500000000000014,-196.6,999.0,15,75
893,Dan Altavilla,RP,43.49999999999999,-196.6,999.0,16,75
894,J.T. Ginn,SP,109.9,-197.0,999.0,15,75
895,Marc Church,RP,42.900000000000006,-197.2,999.0,15,75
896,John Rave,OF,54.499999999999986,-197.3,999.0,15,75
897,Bailey Falter,SP,109.49999999999996,-197.4,999.0,15,75
898,Luke Little,RP,42.5,-197.6,999.0,15,75
899,Michel Otanez,RP,41.999999999999986,-198.1,999.0,15,75
900,Cody Laweryson,RP,41.49999999999999,-198.6,999.0,15,75
901,Marcus Stroman,SP,108.3,-198.6,999.0,16,76
902,Alex Carrillo,RP,41.0,-199.1,999.0,15,76
903,Yilber Diaz,RP,40.89999999999999,-199.2,999.0,15,76
904,Connelly Early,SP,107.60000000000002,-199.3,249.5,-646,76
905,Juan Burgos,RP,40.7,-199.4,999.0,14,76
906,Eli Morgan,RP,40.400000000000006,-199.7,999.0,14,76
907,Jayvien Sandridge,RP,40.39999999999999,-199.7,999.0,15,76
908,Payton Tolle,SP,107.1,-199.8,999.0,14,76
909,Zac Veen,OF,51.90000000000001,-199.9,999.0,14,76
910,Cameron Foster,RP,39.9,-200.2,999.0,14,76
911,Jose Suarez,RP,39.80000000000001,-200.3,999.0,14,76
912,Cole Wilcox,RP,39.49999999999999,-200.6,999.0,14,76
913,Thairo Estrada,2B,90.9,-200.7,999.0,14,77
914,Brandon Eisert,SP,105.89999999999996,-201.0,999.0,14,77
915,Lou Trivino,RP,39.10000000000001,-201.0,999.0,15,77
916,Luis Peralta,RP,38.900000000000006,-201.2,999.0,14,77
917,Franco Aleman,RP,38.599999999999994,-201.5,999.0,14,77
918,Alex Freeland,3B,41.5,-201.5,999.0,15,77
919,Huascar Brazoban,SP,105.30000000000003,-201.6,999.0,14,77
920,Gregory Santos,RP,38.500000000000014,-201.6,999.0,15,77
921,Welinton Herrera,RP,38.29999999999999,-201.8,999.0,14,77
922,Ryan Johnson,RP,38.19999999999999,-201.9,999.0,14,77
923,Josh Simpson,RP,38.099999999999994,-202.0,999.0,14,77
924,Derek Law,RP,38.09999999999998,-202.0,999.0,15,77
925,Scott McGough,RP,38.0,-202.1,999.0,14,78
926,Danny Young,RP,37.89999999999999,-202.2,999.0,14,78
927,Ramon Urias,2B,89.4,-202.2,999.0,15,78
928,Adrian Del Castillo,C,67.79999999999997,-202.6,999.0,14,78
929,Chris Devenski,RP,37.39999999999999,-202.7,999.0,13,78
930,Jake Rogers,C,67.70000000000002,-202.7,999.0,14,78
931,DL Hall,SP,104.19999999999999,-202.7,999.0,15,78
932,Kyle Backhus,RP,37.4,-202.7,999.0,16,78
933,Cam Sanders,RP,37.09999999999999,-203.0,999.0,13,78
934,Hector Neris,RP,37.10000000000001,-203.0,999.0,14,78
935,Charlie Morton,SP,103.9,-203.0,999.0,15,78
936,Jorge Alcala,RP,36.99999999999999,-203.1,999.0,14,78
937,Esteury Ruiz,OF,48.5,-203.3,999.0,14,79
938,Romy Gonzalez,1B,125.19999999999999,-203.6,999.0,14,79
939,Bryce Johnson,OF,48.00000000000001,-203.8,999.0,14,79
940,Riley Martin,RP,36.099999999999994,-204.0,999.0,14,79
941,Ryan Borucki,RP,36.1,-204.0,999.0,15,79
942,Mike Clevinger,RP,35.8,-204.3,999.0,14,79
943,William Kempner,RP,35.80000000000001,-204.3,999.0,15,79
944,Zach Dezenzo,OF,47.4,-204.4,999.0,14,79
945,Nolan Jones,OF,47.0,-204.8,999.0,14,79
946,Liam Hendriks,RP,35.099999999999994,-205.0,999.0,14,79
947,Travis d'Arnaud,C,65.29999999999997,-205.1,999.0,14,79
948,Grant Holman,RP,34.89999999999999,-205.2,999.0,14,79
949,Felix Bautista,RP,34.9,-205.2,999.0,15,80
950,Nick Anderson,RP,34.699999999999996,-205.4,999.0,14,80
951,Leody Taveras,OF,46.39999999999999,-205.4,999.0,15,80
952,Seth Martinez,RP,34.6,-205.5,999.0,14,80
953,Ryan Loutos,RP,34.30000000000001,-205.8,999.0,14,80
954,Gary Sanchez,C,64.39999999999999,-206.0,349.4,-519,80
955,Zak Kent,RP,34.1,-206.0,999.0,13,80
956,James McCann,C,64.4,-206.0,999.0,14,80
957,Drew Sommers,RP,34.099999999999994,-206.0,999.0,15,80
958,David Hamilton,2B,85.5,-206.1,999.0,13,80
959,Lyon Richardson,RP,33.4,-206.7,999.0,13,80
960,Trevor McDonald,SP,100.10000000000001,-206.8,999.0,12,80
961,T.J. McFarland,RP,33.30000000000001,-206.8,999.0,13,81
962,Blaze Alexander,2B,84.80000000000001,-206.8,999.0,14,81
963,Carlos Hernandez,RP,33.10000000000001,-207.0,999.0,13,81
964,Rolddy Munoz,RP,32.89999999999999,-207.2,999.0,13,81
965,Walker Jenkins,OF,44.50000000000001,-207.3,999.0,13,81
966,Sean Guenther,RP,32.699999999999996,-207.4,999.0,13,81
967,Hayden Birdsong,SP,99.50000000000001,-207.4,999.0,14,81
968,Scott Blewett,RP,32.50000000000001,-207.6,999.0,13,81
969,Genesis Cabrera,RP,32.3,-207.8,999.0,13,81
970,Alex Hoppe,RP,32.20000000000001,-207.9,999.0,13,81
971,Tyson Neighbors,RP,31.70000000000001,-208.4,999.0,13,81
972,Connor Prielipp,SP,98.30000000000004,-208.6,999.0,13,81
973,Jack Neely,RP,31.5,-208.6,999.0,14,82
974,Kervin Castro,RP,31.300000000000008,-208.8,999.0,13,82
975,Jake Bauers,1B,119.80000000000004,-209.0,999.0,13,82
976,Drew Millas,C,61.30000000000001,-209.1,999.0,13,82
977,Will Brennan,OF,42.7,-209.1,999.0,14,82
978,Bryan Hoeing,RP,30.6,-209.5,999.0,13,82
979,Domingo Gonzalez,RP,30.5,-209.6,999.0,13,82
980,Carson Williams,SS,118.50000000000001,-209.7,337.4,-567,82
981,Travis Adams,SP,97.10000000000004,-209.8,999.0,12,82
982,Luis Guerrero,RP,30.199999999999996,-209.9,999.0,12,82
983,Rafael Marchan,C,60.199999999999996,-210.2,999.0,12,82
984,Keider Montero,SP,96.50000000000001,-210.4,999.0,12,82
985,J.C. Escarra,C,59.6,-210.8,999.0,12,83
986,Taylor Walls,SS,117.39999999999999,-210.8,999.0,13,83
987,Jhony Brito,RP,29.200000000000006,-210.9,999.0,12,83
988,Joe Ross,RP,29.200000000000006,-210.9,999.0,13,83
989,Miguel Rojas,2B,80.5,-211.1,999.0,12,83
990,Tyler Tolbert,OF,40.7,-211.1,999.0,13,83
991,Rhys Hoskins,1B,117.60000000000001,-211.2,999.0,12,83
992,Philip Abner,RP,28.600000000000005,-211.5,999.0,12,83
993,Josh Ekness,RP,28.599999999999994,-211.5,999.0,13,83
994,Konnor Pilkington,RP,28.499999999999993,-211.6,999.0,12,83
995,Gavin Hollowell,RP,28.300000000000008,-211.8,999.0,12,83
996,Garrett Acton,RP,28.300000000000004,-211.8,999.0,13,83
997,Gio Urshela,3B,31.1,-211.9,999.0,12,84
998,Sammy Peralta,RP,28.0,-212.1,999.0,12,84
999,Darell Hernaiz,2B,79.30000000000001,-212.3,999.0,12,84
1000,Trevor Stephan,RP,27.50000000000001,-212.6,999.0,12,84
1001,Jerar Encarnacion,OF,38.89999999999999,-212.9,999.0,11,84
1002,Andy Ibanez,2B,78.7,-212.9,999.0,12,84
1003,Shane Murphy,RP,27.200000000000006,-212.9,999.0,13,84
1004,Alexander Alberto,RP,26.79999999999999,-213.3,999.0,12,84
1005,Gavin Collyer,RP,26.7,-213.4,999.0,12,84
1006,Braden Montgomery,OF,38.2,-213.6,999.0,12,84
1007,Tanner Rainey,RP,26.400000000000006,-213.7,999.0,11,84
1008,Ryan Rolison,RP,26.400000000000002,-213.7,999.0,12,84
1009,Mitchell Parker,SP,93.20000000000005,-213.7,999.0,13,85
1010,Isiah Kiner-Falefa,2B,77.50000000000001,-214.1,999.0,12,85
1011,Ryan Ritter,2B,77.3,-214.3,999.0,11,85
1012,Josh Walker,RP,25.8,-214.3,999.0,12,85
1013,Chas McCormick,OF,37.5,-214.3,999.0,13,85
1014,Joey Wiemer,OF,37.4,-214.4,999.0,12,85
1015,Evan Reifert,RP,25.499999999999996,-214.6,999.0,12,85
1016,Mark Canha,OF,36.9,-214.9,999.0,12,85
1017,Miguel Castro,RP,25.100000000000005,-215.0,999.0,12,85
1018,Maximo Acosta,3B,27.9,-215.1,999.0,12,85
1019,Hunter Strickland,RP,24.80000000000001,-215.3,999.0,12,85
1020,Eli White,OF,36.199999999999996,-215.6,999.0,12,85
1021,Vinny Nittoli,RP,24.399999999999995,-215.7,999.0,12,86
1022,Ryan Lambert,RP,24.399999999999995,-215.7,999.0,13,86
1023,Angel Perdomo,RP,24.300000000000004,-215.8,999.0,12,86
1024,Emiliano Teodo,RP,23.8,-216.3,999.0,12,86
1025,Matt Bowman,RP,23.700000000000003,-216.4,999.0,12,86
1026,Ryan Watson,SP,90.5,-216.4,999.0,13,86
1027,Rowdy Tellez,1B,112.2,-216.6,999.0,12,86
1028,Eric Cerantola,RP,23.500000000000007,-216.6,999.0,13,86
1029,Kody Clemens,1B,112.1,-216.7,353.0,-588,86
1030,Troy Johnston,1B,112.00000000000001,-216.8,999.0,11,86
1031,Jose Espada,RP,23.299999999999997,-216.8,999.0,12,86
1032,James Karinchak,RP,23.099999999999994,-217.0,999.0,11,86
1033,Daison Acosta,RP,23.00000000000001,-217.1,999.0,11,87
1034,Alejandro Osuna,OF,34.699999999999996,-217.1,999.0,12,87
1035,Yoendrys Gomez,SP,89.69999999999999,-217.2,999.0,11,87
1036,Ryan Bergert,SP,89.60000000000004,-217.3,999.0,11,87
1037,Jose Castillo,RP,22.699999999999992,-217.4,999.0,11,87
1038,Yunior Marte,RP,22.700000000000006,-217.4,999.0,12,87
1039,Scott Effross,RP,22.499999999999993,-217.6,999.0,11,87
1040,Nate Eaton,3B,25.1,-217.9,999.0,11,87
1041,Jace Jung,3B,24.999999999999996,-218.0,999.0,11,87
1042,Jackson Kowar,RP,22.0,-218.1,999.0,11,87
1043,Daniel Schneemann,2B,73.29999999999998,-218.3,999.0,11,87
1044,Taylor Rashi,RP,21.599999999999994,-218.5,999.0,11,87
1045,Derek Hill,OF,33.20000000000001,-218.6,999.0,11,88
1046,Zack Thompson,RP,21.399999999999988,-218.7,999.0,11,88
1047,Jarred Kelenic,OF,32.99999999999999,-218.8,999.0,11,88
1048,John Brebbia,RP,21.20000000000001,-218.9,999.0,11,88
1049,Christian Vazquez,C,51.4,-219.0,999.0,11,88
1050,Tom Cosgrove,RP,21.099999999999987,-219.0,999.0,12,88
1051,Juan Sanchez,RP,21.0,-219.1,999.0,11,88
1052,Cesar Salazar,C,51.099999999999994,-219.3,999.0,11,88
1053,Jaden Woods,RP,20.600000000000005,-219.5,999.0,11,88
1054,Tyler Austin,1B,109.19999999999999,-219.6,999.0,11,88
1055,Shawn Dubin,RP,20.499999999999996,-219.6,999.0,12,88
1056,Codi Heuer,RP,20.199999999999992,-219.9,999.0,11,88
1057,Cam Booser,RP,20.099999999999998,-220.0,999.0,11,89
1058,Jeff Criswell,RP,19.89999999999999,-220.2,999.0,11,89
1059,Andry Lara,RP,19.599999999999994,-220.5,999.0,11,89
1060,MJ Melendez,OF,31.100000000000005,-220.7,999.0,11,89
1061,Michael Grove,RP,19.4,-220.7,999.0,12,89
1062,A.J. Causey,RP,19.10000000000001,-221.0,999.0,11,89
1063,Manuel Margot,OF,30.799999999999997,-221.0,999.0,12,89
1064,John Rooney,RP,19.0,-221.1,999.0,10,89
1065,Chris Flexen,RP,19.0,-221.1,999.0,11,89
1066,Sam Long,RP,19.000000000000004,-221.1,999.0,12,89
1067,Josh Staumont,RP,18.9,-221.2,999.0,11,89
1068,Corbin Burnes,SP,85.4,-221.5,178.6,-924,89
1069,John Curtiss,RP,18.599999999999994,-221.5,999.0,11,90
1070,Ryan Gusto,SP,85.29999999999998,-221.6,999.0,10,90
1071,Lucas Sims,RP,18.500000000000004,-221.6,999.0,11,90
1072,Caleb Boushley,RP,18.300000000000004,-221.8,999.0,10,90
1073,Josh Winckowski,RP,17.699999999999996,-222.4,999.0,10,90
1074,Kris Bryant,OF,29.3,-222.5,999.0,10,90
1075,Dale Stanavich,RP,17.499999999999993,-222.6,999.0,10,90
1076,Jack Suwinski,OF,28.999999999999996,-222.8,999.0,10,90
1077,Randy Dobnak,RP,17.299999999999997,-222.8,999.0,11,90
1078,Tyson Miller,RP,17.099999999999998,-223.0,999.0,10,90
1079,Nacho Alvarez Jr.,3B,19.499999999999996,-223.5,999.0,10,90
1080,Carter Baumler,SP,83.4,-223.5,999.0,11,90
1081,Travis Bazzana,2B,68.0,-223.6,999.0,10,91
1082,Robby Ahlstrom,RP,16.399999999999995,-223.7,999.0,10,91
1083,Ryan Vilade,OF,27.999999999999993,-223.8,999.0,10,91
1084,Jordan Wicks,SP,83.00000000000003,-223.9,999.0,10,91
1085,Joey Wentz,SP,82.80000000000004,-224.1,999.0,10,91
1086,Nelson Rada,OF,27.600000000000005,-224.2,999.0,10,91
1087,Jason Heyward,OF,27.599999999999998,-224.2,999.0,11,91
1088,Brandon Waddell,RP,15.699999999999996,-224.4,999.0,10,91
1089,Colt Emerson,SS,103.60000000000002,-224.6,318.5,-709,91
1090,Adam Frazier,2B,67.00000000000001,-224.6,999.0,10,91
1091,Jordan Montgomery,SP,82.10000000000001,-224.8,999.0,9,91
1092,Bryan Sammons,RP,15.2,-224.9,999.0,9,91
1093,Vidal Brujan,3B,18.000000000000004,-225.0,999.0,9,92
1094,Dylan Coleman,RP,14.999999999999996,-225.1,999.0,8,92
1095,Tyler Heineman,C,45.300000000000004,-225.1,999.0,9,92
1096,Isaiah Campbell,RP,14.999999999999991,-225.1,999.0,10,92
1097,Ezequiel Duran,1B,103.60000000000001,-225.2,999.0,9,92
1098,Sam Benschoter,RP,14.799999999999999,-225.3,999.0,9,92
1099,Bryce Jarvis,RP,14.700000000000006,-225.4,999.0,9,92
1100,Andres Chaparro,1B,103.29999999999998,-225.5,999.0,9,92
1101,Ryder Ryan,RP,14.400000000000004,-225.7,999.0,9,92
1102,Jairo Iriarte,RP,14.400000000000002,-225.7,999.0,10,92
1103,Joshua Baez,OF,25.6,-226.2,999.0,9,92
1104,Austin Wynns,C,44.0,-226.4,999.0,9,92
1105,AJ Blubaugh,SP,80.40000000000003,-226.5,999.0,9,93
1106,Dylan Carlson,OF,24.3,-227.5,999.0,9,93
1107,Jett Williams,2B,63.90000000000001,-227.7,999.0,9,93
1108,Gabriel Gonzalez,OF,24.000000000000004,-227.8,999.0,9,93
1109,Kameron Misner,OF,23.999999999999993,-227.8,999.0,10,93
1110,Zach McCambley,SP,79.00000000000004,-227.9,999.0,9,93
1111,Dairon Blanco,OF,23.699999999999996,-228.1,999.0,9,93
1112,Ronny Mauricio,2B,63.39999999999999,-228.2,999.0,9,93
1113,Austin Slater,OF,23.000000000000007,-228.8,999.0,9,93
1114,Jason Alexander,SP,77.99999999999999,-228.9,999.0,9,93
1115,Ryan Kreidler,OF,22.600000000000005,-229.2,999.0,9,93
1116,Sean Reynolds,RP,10.9,-229.2,999.0,10,93
1117,Anthony Molina,RP,10.400000000000002,-229.7,999.0,9,94
1118,Nick Loftin,2B,61.7,-229.9,999.0,9,94
1119,Christian Scott,SP,76.9,-230.0,999.0,9,94
1120,Hyeseong Kim,2B,61.199999999999996,-230.4,338.6,-704,94
1121,Brandon Williamson,SP,76.30000000000003,-230.6,999.0,8,94
1122,Mitch Garver,C,39.70000000000001,-230.7,999.0,8,94
1123,Drew Thorpe,SP,75.59999999999998,-231.3,999.0,8,94
1124,Wikelman Gonzalez,SP,75.30000000000003,-231.6,999.0,8,94
1125,Grant McCray,OF,20.099999999999998,-231.7,999.0,8,94
1126,Heston Kjerstad,OF,19.700000000000003,-232.1,999.0,8,94
1127,Korey Lee,C,37.30000000000001,-233.1,999.0,8,94
1128,Jose Siri,OF,18.6,-233.2,999.0,8,94
1129,Jose Iglesias,2B,58.199999999999996,-233.4,999.0,8,95
1130,Zack Gelof,2B,57.6,-234.0,301.8,-782,95
1131,Walker Buehler,SP,72.80000000000001,-234.1,999.0,7,95
1132,Jimmy Crooks III,C,36.2,-234.2,999.0,7,95
1133,Brandon Lockridge,OF,17.5,-234.3,999.0,7,95
1134,Quinn Mathews,SP,72.29999999999998,-234.6,999.0,7,95
1135,Matthew Lugo,OF,17.000000000000004,-234.8,999.0,7,95
1136,Tanner Gordon,SP,71.99999999999997,-234.9,999.0,7,95
1137,Luke Raley,1B,93.89999999999999,-234.9,999.0,8,95
1138,Antonio Senzatela,SP,71.69999999999999,-235.2,999.0,7,95
1139,Colton Gordon,SP,71.5,-235.4,999.0,7,95
1140,Luis Urias,2B,56.2,-235.4,999.0,8,95
1141,Alex Cobb,SP,71.3,-235.6,999.0,7,96
1142,Casey Schmitt,1B,93.1,-235.7,999.0,7,96
1143,Andrew Knizner,C,34.7,-235.7,999.0,8,96
1144,Drew Waters,OF,15.400000000000002,-236.4,999.0,7,96
1145,Jon Berti,2B,54.800000000000004,-236.8,999.0,7,96
1146,Austin Hedges,C,33.10000000000001,-237.3,999.0,7,96
1147,Jonah Heim,C,33.00000000000001,-237.4,999.0,7,96
1148,Leo Rivas,2B,53.900000000000006,-237.7,999.0,7,96
1149,Martin Perez,SP,69.0,-237.9,999.0,7,96
1150,Nick Yorke,2B,53.30000000000001,-238.3,999.0,7,96
1151,Endy Rodriguez,C,31.9,-238.5,999.0,7,96
1152,Jonah Tong,SP,67.50000000000003,-239.4,999.0,7,96
1153,Jorge Mateo,2B,52.0,-239.6,334.4,-745,97
1154,Gavin Stone,SP,67.30000000000001,-239.6,999.0,7,97
1155,Kristian Campbell,2B,51.7,-239.9,999.0,6,97
1156,Sawyer Gipson-Long,SP,65.80000000000001,-241.1,999.0,6,97
1157,Keaton Winn,SP,64.69999999999999,-242.2,999.0,6,97
1158,Bryan Torres,2B,49.300000000000004,-242.3,999.0,6,97
1159,River Ryan,SP,64.39999999999999,-242.5,999.0,6,97
1160,Elias Diaz,C,27.700000000000006,-242.7,999.0,6,97
1161,Tom Murphy,C,27.199999999999996,-243.2,999.0,6,97
1162,Daniel Susac,C,26.700000000000006,-243.7,999.0,6,97
1163,Adael Amador,2B,47.699999999999996,-243.9,999.0,6,97
1164,Mason Barnett,SP,62.90000000000002,-244.0,999.0,5,97
1165,Blaine Crim,1B,84.8,-244.0,999.0,6,98
1166,Coleman Crow,SP,62.900000000000006,-244.0,999.0,7,98
1167,John Klein,SP,62.800000000000004,-244.1,999.0,6,98
1168,Otto Kemp,1B,84.40000000000002,-244.4,999.0,6,98
1169,Kendry Rojas,SP,62.3,-244.6,999.0,6,98
1170,Ryan Mountcastle,1B,83.99999999999997,-244.8,349.8,-732,98
1171,Chase Petty,SP,61.79999999999997,-245.1,999.0,5,98
1172,Robinson Ortiz,SP,61.2,-245.7,999.0,5,98
1173,Clarke Schmidt,SP,61.1,-245.8,999.0,5,98
1174,Triston Casas,1B,82.49999999999999,-246.3,999.0,5,98
1175,Nathaniel Lowe,1B,82.10000000000001,-246.7,999.0,5,98
1176,Blade Tidwell,SP,60.00000000000001,-246.9,999.0,5,98
1177,Dominic Keegan,C,23.5,-246.9,999.0,6,99
1178,Ricky Tiedemann,SP,59.8,-247.1,999.0,5,99
1179,Kai-Wei Teng,SP,59.80000000000001,-247.1,999.0,6,99
1180,Riley Adams,C,22.599999999999998,-247.8,999.0,5,99
1181,Leo Jimenez,2B,42.900000000000006,-248.7,999.0,5,99
1182,Gunnar Hoglund,SP,58.09999999999998,-248.8,999.0,5,99
1183,Abimelec Ortiz,1B,79.79999999999998,-249.0,999.0,5,99
1184,Jedixson Paez,SP,57.80000000000001,-249.1,999.0,5,99
1185,Cade Winquest,SP,57.7,-249.2,999.0,5,99
1186,Shane Drohan,SP,57.6,-249.3,999.0,5,99
1187,Mason Black,SP,56.69999999999999,-250.2,999.0,5,99
1188,Pierson Ohl,SP,56.100000000000016,-250.8,999.0,5,99
1189,Justin Turner,1B,78.0,-250.8,999.0,6,100
1190,Tanner McDougal,SP,56.00000000000001,-250.9,999.0,5,100
1191,Wilmer Flores,1B,77.5,-251.3,999.0,5,100
1192,Luis Perales,SP,55.5,-251.4,999.0,5,100
1193,Cade Povich,SP,54.70000000000002,-252.2,999.0,5,100
1194,Santiago Espinal,2B,39.00000000000001,-252.6,999.0,5,100
1195,Chris Taylor,2B,39.000000000000014,-252.6,999.0,6,100
1196,Alex Jackson,C,17.400000000000002,-253.0,999.0,5,100
1197,Reese McGuire,C,17.2,-253.2,999.0,5,100
1198,Jonathan Pintaro,SP,53.1,-253.8,999.0,5,100
1199,Thomas White,SP,52.99999999999999,-253.9,348.0,-767,100
1200,Hayden Wesneski,SP,52.99999999999999,-253.9,999.0,5,100
1201,Spencer Turnbull,SP,52.69999999999998,-254.2,999.0,4,101
1202,DJ Herz,SP,52.30000000000002,-254.6,999.0,4,101
1203,Jesse Scholtens,SP,52.199999999999996,-254.7,999.0,4,101
1204,Adam Mazur,SP,51.6,-255.3,999.0,4,101
1205,Ryan Bliss,2B,34.99999999999999,-256.6,999.0,4,101
1206,Doug Nikhazy,SP,48.79999999999998,-258.1,999.0,4,101
1207,Enrique Hernandez,1B,70.69999999999997,-258.1,999.0,5,101
1208,Jacob Stallings,C,12.2,-258.2,999.0,4,101
1209,Kyle Hart,SP,48.00000000000001,-258.9,999.0,4,101
1210,Julian Aguiar,SP,47.60000000000001,-259.3,999.0,4,101
1211,Tyler Gilbert,SP,47.60000000000001,-259.3,999.0,5,101
1212,Charlie Condon,1B,69.39999999999998,-259.4,336.0,-800,101
1213,Brandon Young,SP,47.199999999999996,-259.7,999.0,3,102
1214,Cristian Mena,SP,46.1,-260.8,999.0,3,102
1215,Carson Whisenhunt,SP,45.80000000000001,-261.1,999.0,3,102
1216,Trevor Williams,SP,45.70000000000002,-261.2,999.0,3,102
1217,Braden Nett,SP,45.60000000000001,-261.3,999.0,3,102
1218,Tyler Locklear,1B,67.5,-261.3,999.0,4,102
1219,Austin Peterson,SP,45.300000000000004,-261.6,999.0,3,102
1220,Wade Miley,SP,45.10000000000001,-261.8,999.0,3,102
1221,George Klassen,SP,44.300000000000004,-262.6,999.0,3,102
1222,Austin Love,SP,44.09999999999998,-262.8,999.0,3,102
1223,Albert Suarez,SP,43.69999999999998,-263.2,999.0,3,102
1224,Joe Rock,SP,43.7,-263.2,999.0,4,102
1225,Mitch Farris,SP,43.60000000000001,-263.3,999.0,3,103
1226,Josh Rojas,2B,27.8,-263.8,999.0,3,103
1227,Joey Estes,SP,43.000000000000014,-263.9,999.0,3,103
1228,Alan Rangel,SP,42.2,-264.7,999.0,3,103
1229,Sam Aldegheri,SP,41.900000000000006,-265.0,999.0,3,103
1230,Orelvis Martinez,2B,26.5,-265.1,999.0,3,103
1231,Austin Gomber,SP,41.0,-265.9,999.0,3,103
1232,Tim Tawa,1B,62.800000000000004,-266.0,999.0,3,103
1233,Oswald Peraza,1B,62.499999999999986,-266.3,999.0,3,103
1234,Bobby Miller,SP,40.50000000000002,-266.4,999.0,3,103
1235,Tyler Uberstine,SP,40.199999999999996,-266.7,999.0,3,103
1236,Christian Koss,2B,24.8,-266.8,999.0,3,103
1237,Lazaro Estrada,SP,39.800000000000004,-267.1,999.0,3,104
1238,Nick Madrigal,2B,23.3,-268.3,999.0,3,104
1239,Coby Mayo,1B,60.400000000000006,-268.4,311.0,-876,104
1240,Cesar Prieto,2B,22.5,-269.1,999.0,2,104
1241,Brett Wisely,2B,22.500000000000004,-269.1,999.0,3,104
1242,Tristan Gray,2B,22.299999999999994,-269.3,999.0,2,104
1243,Tyler Fitzgerald,2B,22.099999999999998,-269.5,307.9,-885,104
1244,Andrew Morris,SP,37.00000000000001,-269.9,999.0,1,104
1245,Ronel Blanco,SP,37.0,-269.9,999.0,2,104
1246,Landon Knack,SP,36.7,-270.2,999.0,1,104
1247,Daniel Espino,SP,36.69999999999999,-270.2,999.0,2,104
1248,Paul DeJong,2B,21.000000000000007,-270.6,310.0,-887,104
1249,Tanner Murray,2B,20.7,-270.9,999.0,0,105
1250,Carson Seymour,SP,35.800000000000004,-271.1,999.0,0,105
1251,Eric Wagaman,1B,57.70000000000001,-271.1,999.0,1,105
1252,Brendan Rodgers,2B,20.300000000000004,-271.3,999.0,0,105
1253,Dane Dunning,SP,35.50000000000001,-271.4,999.0,0,105
1254,Kyren Paris,2B,20.000000000000007,-271.6,999.0,0,105
1255,Bryse Wilson,SP,34.7,-272.2,999.0,0,105
1256,Ty Johnson,SP,34.60000000000001,-272.3,999.0,0,105
1257,Angel Bastardo,SP,34.6,-272.3,999.0,1,105
1258,Miguel Ullola,SP,34.50000000000001,-272.4,999.0,0,105
1259,Max Schuemann,2B,19.099999999999998,-272.5,999.0,0,105
1260,Chayce McDermott,SP,34.300000000000004,-272.6,999.0,0,105
1261,Kohl Drake,SP,34.30000000000001,-272.6,999.0,1,106
1262,Victor Mederos,SP,34.0,-272.9,999.0,0,106
1263,Jack Kochanowicz,SP,33.7,-273.2,999.0,0,106
1264,Kyle Wright,SP,33.400000000000006,-273.5,999.0,0,106
1265,Mitch Spence,SP,33.09999999999999,-273.8,999.0,0,106
1266,Jose Corniell,SP,32.89999999999999,-274.0,999.0,0,106
1267,Nestor Cortes Jr.,SP,32.699999999999996,-274.2,999.0,0,106
1268,Duncan Davitt,SP,32.60000000000001,-274.3,999.0,0,106
1269,Carson Palmquist,SP,31.7,-275.2,999.0,0,106
1270,Tyler Callihan,2B,16.0,-275.6,999.0,0,106
1271,Osvaldo Bido,SP,31.099999999999994,-275.8,999.0,0,106
1272,Orlando Arcia,1B,52.900000000000006,-275.9,999.0,0,106
1273,Kolby Allard,SP,30.700000000000003,-276.2,999.0,0,107
1274,Gage Jump,SP,30.30000000000001,-276.6,999.0,0,107
1275,Garrett Hampson,2B,14.9,-276.7,999.0,0,107
1276,Seth Johnson,SP,30.099999999999998,-276.8,999.0,0,107
1277,Adam Macko,SP,30.09999999999999,-276.8,999.0,1,107
1278,McCade Brown,SP,29.499999999999986,-277.4,999.0,0,107
1279,Joey Gerber,SP,29.09999999999999,-277.8,999.0,0,107
1280,Tim Anderson,2B,13.7,-277.9,999.0,0,107
1281,Carlos Carrasco,SP,28.4,-278.5,999.0,0,107
1282,Thomas Harrington,SP,28.3,-278.6,999.0,0,107
1283,Juan Brito,1B,48.8,-280.0,999.0,0,107
1284,Ty France,1B,48.599999999999994,-280.2,999.0,-1,107
1285,Noah Schultz,SP,26.699999999999992,-280.2,999.0,0,108
1286,Nick Allen,SS,47.99999999999999,-280.2,999.0,1,108
1287,David Sandlin,SP,26.599999999999998,-280.3,999.0,0,108
1288,JR Ritchie,SP,26.499999999999996,-280.4,999.0,0,108
1289,Ildemaro Vargas,1B,47.900000000000006,-280.9,999.0,0,108
1290,Spencer Miles,SP,25.900000000000006,-281.0,999.0,0,108
1291,Brycen Mautz,SP,25.79999999999999,-281.1,999.0,0,108
1292,Deyvison De Los Santos,1B,47.4,-281.4,999.0,0,108
1293,Jose Franco,SP,25.0,-281.9,999.0,0,108
1294,Jake Eder,SP,24.200000000000003,-282.7,999.0,0,108
1295,Ronan Kopp,SP,23.699999999999996,-283.2,999.0,0,108
1296,Matt Waldron,SP,23.199999999999996,-283.7,999.0,0,108
1297,Jake Bloss,SP,23.099999999999994,-283.8,999.0,0,109
1298,Nolan Hoffman,SP,23.100000000000005,-283.8,999.0,1,109
1299,Gabriel Hughes,SP,22.900000000000002,-284.0,999.0,0,109
1300,J.P. France,SP,22.9,-284.0,999.0,1,109
1301,Brendan Beck,SP,22.799999999999994,-284.1,999.0,0,109
1302,Jose De Leon,SP,22.6,-284.3,999.0,0,109
1303,Roansy Contreras,SP,22.400000000000002,-284.5,999.0,0,109
1304,Ben Kudrna,SP,21.699999999999996,-285.2,999.0,0,109
1305,Dax Fulton,SP,21.49999999999999,-285.4,999.0,0,109
1306,Jhancarlos Lara,SP,21.199999999999996,-285.7,999.0,0,109
1307,Tink Hence,SP,21.100000000000005,-285.8,999.0,0,109
1308,Tejay Antone,SP,20.799999999999997,-286.1,999.0,0,109
1309,Ken Waldichuk,SP,20.4,-286.5,999.0,0,110
1310,Dom Hamel,SP,20.299999999999994,-286.6,999.0,0,110
1311,Riley Cornelio,SP,20.100000000000005,-286.8,999.0,0,110
1312,Mitch Bratt,SP,19.999999999999993,-286.9,999.0,0,110
1313,Cal Quantrill,SP,19.6,-287.3,999.0,0,110
1314,Easton Lucas,SP,19.200000000000003,-287.7,999.0,0,110
1315,Bradley Blalock,SP,19.100000000000005,-287.8,999.0,0,110
1316,Jake Bennett,SP,19.099999999999998,-287.8,999.0,1,110
1317,Robert Stock,SP,18.799999999999994,-288.1,999.0,0,110
1318,Marco Raya,SP,18.59999999999999,-288.3,999.0,0,110
1319,Carson Fulmer,SP,18.300000000000004,-288.6,999.0,0,110
1320,Henry Baez,SP,17.999999999999996,-288.9,999.0,0,110
1321,Triston McKenzie,SP,17.499999999999996,-289.4,999.0,0,111
1322,Jake Miller,SP,17.499999999999996,-289.4,999.0,1,111
1323,Wilber Dotel,SP,17.199999999999992,-289.7,999.0,0,111
1324,Shinnosuke Ogasawara,SP,16.800000000000004,-290.1,999.0,0,111
1325,Blas Castano,SP,16.800000000000004,-290.1,999.0,1,111
1326,Ben Lively,SP,16.200000000000003,-290.7,999.0,0,111
1327,Davis Daniel,SP,16.0,-290.9,999.0,0,111
1328,Marco Gonzales,SP,14.400000000000004,-292.5,999.0,0,111
1329,Jean Cabrera,SP,13.999999999999998,-292.9,999.0,0,111
1330,LaMonte Wade Jr.,1B,35.699999999999996,-293.1,999.0,0,111
1331,T.J. Rumfield,1B,35.7,-293.1,999.0,1,111
1332,Nabil Crismatt,SP,13.500000000000002,-293.4,999.0,0,111
1333,Valente Bellozo,SP,13.299999999999994,-293.6,999.0,0,112
1334,DJ LeMahieu,1B,34.7,-294.1,999.0,0,112
1335,Josh Fleming,SP,12.600000000000003,-294.3,999.0,0,112
1336,Will Wagner,1B,34.099999999999994,-294.7,999.0,0,112
1337,Jake Woodford,SP,12.099999999999994,-294.8,999.0,0,112
1338,Dylan Moore,1B,33.699999999999996,-295.1,999.0,0,112
1339,Dominic Smith,1B,32.79999999999999,-296.0,999.0,0,112
1340,Curtis Mead,1B,32.3,-296.5,999.0,0,112
1341,Warming Bernabel,1B,26.200000000000003,-302.6,999.0,0,112
1342,Christian Encarnacion-Strand,1B,25.999999999999996,-302.8,999.0,0,112
1343,Joey Meneses,1B,25.7,-303.1,999.0,0,112
1344,Andruw Monasterio,1B,24.899999999999995,-303.9,999.0,0,112
1345,Trey Sweeney,SS,22.500000000000004,-305.7,999.0,0,113
1346,Jose Miranda,1B,22.500000000000004,-306.3,999.0,0,113
1347,Tre' Morgan,1B,21.8,-307.0,999.0,0,113
1348,Aidan Miller,SS,20.6,-307.6,999.0,0,113
1349,Jhonkensy Noel,1B,21.1,-307.7,999.0,0,113
1350,Abraham Toro,1B,20.400000000000002,-308.4,999.0,0,113
1351,Nick Sogard,1B,19.9,-308.9,999.0,0,113
1352,Kyle Farmer,1B,19.499999999999996,-309.3,999.0,0,113
1353,Sterlin Thompson,1B,19.300000000000004,-309.5,999.0,0,113
1354,Yohandy Morales,1B,17.300000000000004,-311.5,999.0,0,113
